Workbook
Name __Validation_Relationships: Validation!$A:$A

Sheet RelationshipStats
A3: Count of sourceNodeValue | B3: Column Labels
A4: Row Labels | B4: Authority | C4: AuthorityGroup | D4: ControllingOrg | E4: (blank) | F4: Format | G4: Grand Total
A5: Authority | B5: 523 | C5: 279 | F5: 1 | G5: 803
A6: DEFINES | F6: 1 | G6: 1
A7: DEPRECATES | B7: 7 | G7: 7
A8: EXTENDS | C8: 1 | G8: 1
A9: HAS_RELATED_AUTHORITY | B9: 138 | C9: 13 | G9: 151
A10: MEMBER_OF | C10: 254 | G10: 254
A11: OBSOLETES | B11: 58 | G11: 58
A12: REFERENCES | B12: 16 | C12: 4 | G12: 20
A13: SUPERSEDES | B13: 98 | C13: 7 | G13: 105
A14: UPDATES | B14: 206 | G14: 206
A15: AuthorityGroup | B15: 13 | C15: 13 | F15: 18 | G15: 44
A16: DEFINES | F16: 18 | G16: 18
A17: HAS_RELATED_AUTHORITY | B17: 13 | C17: 2 | G17: 15
A18: MEMBER_OF | C18: 11 | G18: 11
A19: ControllingOrg | B19: 291 | D19: 128 | G19: 419
A20: CONTROLS | B20: 291 | G20: 291
A21: HAS_AFFILIATE_ORG | D21: 13 | G21: 13
A22: HAS_CHILD_ORG | D22: 90 | G22: 90
A23: PREVIOUSLY_KNOWN_AS | D23: 22 | G23: 22
A24: SUCCEEDED_ORG | D24: 3 | G24: 3
A25: (blank)
A26: ALSO_PUBLISHED_AS
A27: CONTAINS
A28: CONTROLS
A29: DEFINES
A30: DRAFTED_BY
A31: EXTENDS
A32: HAS_REVISION
A33: IMPLEMENTS
A34: OBSOLETES
A35: PROFILES
A36: REFERENCES
... A38: (blank)
A39: Grand Total | B39: 827 | C39: 292 | D39: 128 | F39: 19 | G39: 1266

Sheet Relationships
A1: relationshipId | B1: createdTimestamp | C1: updatedTimestamp | D1: relationshipType | E1: sourceNodeType | F1: sourceNodeAttr | G1: sourceNodeValue | H1: sourceNodeValue_old | I1: targetNodeType | J1: targetNodeAttr | K1: targetNodeValue | L1: target:END_ID | M1: affiliation | N1: referenceType | O1: authoritySection | P1: relationship | Q1: notes | R1: DNI_notes
D2: HAS_CHILD_ORG | E2: ControllingOrg | F2: shortName | G2: ISO | H2: ISO | I2: ControllingOrg | J2: shortName | K2: ISO/IEC JTC 1 | L2: ISO/IEC JTC 1
D3: HAS_CHILD_ORG | E3: ControllingOrg | F3: shortName | G3: IEC | H3: IEC | I3: ControllingOrg | J3: shortName | K3: ISO/IEC JTC 1 | L3: ISO/IEC JTC 1
D4: SUCCEEDED_ORG | E4: ControllingOrg | F4: shortName | G4: ISO/IEC JTC 1 | I4: ControllingOrg | J4: shortName | K4: ISO TC 97
D5: SUCCEEDED_ORG | E5: ControllingOrg | F5: shortName | G5: ISO/IEC JTC 1 | I5: ControllingOrg | J5: shortName | K5: IEC TC 83
D6: HAS_CHILD_ORG | E6: ControllingOrg | F6: shortName | G6: ISO/IEC JTC 1 | I6: ControllingOrg | J6: shortName | K6: JTC1 SC 2
D7: PREVIOUSLY_KNOWN_AS | E7: ControllingOrg | F7: shortName | G7: JTC1 SC 2 | I7: ControllingOrg | J7: shortName | K7: TC97 SC 2
D8: HAS_CHILD_ORG | E8: ControllingOrg | F8: shortName | G8: ISO/IEC JTC 1 | I8: ControllingOrg | J8: shortName | K8: JTC1 SC 17
D9: HAS_CHILD_ORG | E9: ControllingOrg | F9: shortName | G9: ISO/IEC JTC 1 | I9: ControllingOrg | J9: shortName | K9: JTC1 SC 27
D10: HAS_CHILD_ORG | E10: ControllingOrg | F10: shortName | G10: ISO/IEC JTC 1 | I10: ControllingOrg | J10: shortName | K10: JTC1 SC 37
D11: HAS_CHILD_ORG | E11: ControllingOrg | F11: shortName | G11: ISO | I11: ControllingOrg | J11: shortName | K11: ISO TC 46
D12: HAS_CHILD_ORG | E12: ControllingOrg | F12: shortName | G12: ISO | I12: ControllingOrg | J12: shortName | K12: ISO TC 97
D13: HAS_CHILD_ORG | E13: ControllingOrg | F13: shortName | G13: ISO | I13: ControllingOrg | J13: shortName | K13: ISO TC 154
D14: HAS_CHILD_ORG | E14: ControllingOrg | F14: shortName | G14: ISO TC 97 | I14: ControllingOrg | J14: shortName | K14: TC97 SC 2
D16: HAS_CHILD_ORG | E16: ControllingOrg | F16: shortName | G16: ITU | I16: ControllingOrg | J16: shortName | K16: CCITT (ITU-T)
... D202: PREVIOUSLY_KNOWN_AS | E202: ControllingOrg | F202: shortName | G202: OEMI (ITI) | I202: ControllingOrg | J202: shortName | K202: NAOAM (ITI)
D203: HAS_AFFILIATE_ORG | E203: ControllingOrg | F203: shortName | G203: ANSI | I203: ControllingOrg | J203: shortName | K203: INCITS | M203: accredits
D204: HAS_AFFILIATE_ORG | E204: ControllingOrg | F204: shortName | G204: ANSI | I204: ControllingOrg | J204: shortName | K204: NCITS (INCITS) | M204: accredits
D205: HAS_AFFILIATE_ORG | E205: ControllingOrg | F205: shortName | G205: ANSI | I205: ControllingOrg | J205: shortName | K205: X3 (INCITS) | M205: accredits
D206: HAS_AFFILIATE_ORG | E206: ControllingOrg | F206: shortName | G206: USASI (ANSI) | I206: ControllingOrg | J206: shortName | K206: X3 (INCITS) | M206: accredits
D207: HAS_AFFILIATE_ORG | E207: ControllingOrg | F207: shortName | G207: ASA (ANSI) | I207: ControllingOrg | J207: shortName | K207: X3 (INCITS) | M207: accredits
D208: HAS_AFFILIATE_ORG | E208: ControllingOrg | F208: shortName | G208: ITI | I208: ControllingOrg | J208: shortName | K208: INCITS | M208: sponsors
D209: HAS_AFFILIATE_ORG | E209: ControllingOrg | F209: shortName | G209: ITI | I209: ControllingOrg | J209: shortName | K209: NCITS (INCITS) | M209: sponsors
D210: HAS_AFFILIATE_ORG | E210: ControllingOrg | F210: shortName | G210: ITI | I210: ControllingOrg | J210: shortName | K210: X3 (INCITS) | M210: sponsors
D211: HAS_AFFILIATE_ORG | E211: ControllingOrg | F211: shortName | G211: CBEMA (ITI) | I211: ControllingOrg | J211: shortName | K211: X3 (INCITS) | M211: sponsors
D212: HAS_AFFILIATE_ORG | E212: ControllingOrg | F212: shortName | G212: BEMA (ITI) | I212: ControllingOrg | J212: shortName | K212: X3 (INCITS) | M212: sponsors
D213: HAS_AFFILIATE_ORG | E213: ControllingOrg | F213: shortName | G213: ANSI | I213: ControllingOrg | J213: shortName | K213: ISO | M213: national representative
D214: HAS_CHILD_ORG | E214: ControllingOrg | F214: shortName | G214: ANSI | I214: ControllingOrg | J214: shortName | K214: USNC (ANSI)
D215: HAS_AFFILIATE_ORG | E215: ControllingOrg | F215: shortName | G215: USNC (ANSI) | I215: ControllingOrg | J215: shortName | K215: IEC | M215: national representative
D216: HAS_AFFILIATE_ORG | E216: ControllingOrg | F216: shortName | G216: INCITS/L2 | I216: ControllingOrg | J216: shortName | K216: JTC1 SC 2 | M216: technical advisory group
D218: PREVIOUSLY_KNOWN_AS | E218: ControllingOrg | F218: shortName | G218: Ecma | I218: ControllingOrg | J218: shortName | K218: ECMA (Ecma)
D219: HAS_CHILD_ORG | E219: ControllingOrg | F219: shortName | G219: Ecma | I219: ControllingOrg | J219: shortName | K219: ECMA TC1
D220: HAS_CHILD_ORG | E220: ControllingOrg | F220: shortName | G220: ECMA (Ecma) | I220: ControllingOrg | J220: shortName | K220: ECMA TC1
D222: HAS_CHILD_ORG | E222: ControllingOrg | F222: shortName | G222: IETF | I222: ControllingOrg | J222: shortName | K222: IETF GEN Area
D223: HAS_CHILD_ORG | E223: ControllingOrg | F223: shortName | G223: IETF | I223: ControllingOrg | J223: shortName | K223: IETF SEC Area
D224: HAS_CHILD_ORG | E224: ControllingOrg | F224: shortName | G224: IETF SEC Area | H224: IETF | I224: ControllingOrg | J224: shortName | K224: oauth WG | L224: oauth WG
D225: HAS_CHILD_ORG | E225: ControllingOrg | F225: shortName | G225: IETF SEC Area | H225: IETF | I225: ControllingOrg | J225: shortName | K225: jose WG | L225: jose WG
D226: HAS_CHILD_ORG | E226: ControllingOrg | F226: shortName | G226: IETF SEC Area | I226: ControllingOrg | J226: shortName | K226: scim WG
D227: HAS_CHILD_ORG | E227: ControllingOrg | F227: shortName | G227: IETF SEC Area | I227: ControllingOrg | J227: shortName | K227: cose WG
D228: HAS_CHILD_ORG | E228: ControllingOrg | F228: shortName | G228: IETF SEC Area | I228: ControllingOrg | J228: shortName | K228: spice WG
D229: HAS_CHILD_ORG | E229: ControllingOrg | F229: shortName | G229: IETF SEC Area | I229: ControllingOrg | J229: shortName | K229: rats WG
D230: HAS_CHILD_ORG | E230: ControllingOrg | F230: shortName | G230: IETF SEC Area | I230: ControllingOrg | J230: shortName | K230: scitt WG
D231: HAS_CHILD_ORG | E231: ControllingOrg | F231: shortName | G231: IETF SEC Area | I231: ControllingOrg | J231: shortName | K231: ace WG
D232: HAS_CHILD_ORG | E232: ControllingOrg | F232: shortName | G232: IETF SEC Area | I232: ControllingOrg | J232: shortName | K232: httpauth WG
D233: HAS_CHILD_ORG | E233: ControllingOrg | F233: shortName | G233: IETF SEC Area | I233: ControllingOrg | J233: shortName | K233: kitten WG
D234: HAS_CHILD_ORG | E234: ControllingOrg | F234: shortName | G234: IETF SEC Area | I234: ControllingOrg | J234: shortName | K234: radext WG
D235: HAS_CHILD_ORG | E235: ControllingOrg | F235: shortName | G235: IETF SEC Area | I235: ControllingOrg | J235: shortName | K235: tls WG
D236: HAS_CHILD_ORG | E236: ControllingOrg | F236: shortName | G236: IETF SEC Area | I236: ControllingOrg | J236: shortName | K236: uta WG
D237: HAS_CHILD_ORG | E237: ControllingOrg | F237: shortName | G237: IETF | I237: ControllingOrg | J237: shortName | K237: IETF ART Area
... D253: HAS_CHILD_ORG | E253: ControllingOrg | F253: shortName | G253: IETF WIT Area | I253: ControllingOrg | J253: shortName | K253: quic WG
D255: HAS_CHILD_ORG | E255: ControllingOrg | F255: shortName | G255: OIDF | H255: OIDF | I255: ControllingOrg | J255: shortName | K255: AB/Connect WG | L255: AB/Connect WG
D256: HAS_CHILD_ORG | E256: ControllingOrg | F256: shortName | G256: OIDF | I256: ControllingOrg | J256: shortName | K256: AuthZEN WG
D257: HAS_CHILD_ORG | E257: ControllingOrg | F257: shortName | G257: OIDF | I257: ControllingOrg | J257: shortName | K257: DCP WG
D258: HAS_CHILD_ORG | E258: ControllingOrg | F258: shortName | G258: OIDF | I258: ControllingOrg | J258: shortName | K258: EAP WG
D259: HAS_CHILD_ORG | E259: ControllingOrg | F259: shortName | G259: OIDF | H259: OIDF | I259: ControllingOrg | J259: shortName | K259: eKYC-IDA WG | L259: eKYC-IDA WG
D260: HAS_CHILD_ORG | E260: ControllingOrg | F260: shortName | G260: OIDF | H260: OIDF | I260: ControllingOrg | J260: shortName | K260: FAPI WG | L260: FAPI WG
D261: HAS_CHILD_ORG | E261: ControllingOrg | F261: shortName | G261: OIDF | I261: ControllingOrg | J261: shortName | K261: FastFed WG
D262: HAS_CHILD_ORG | E262: ControllingOrg | F262: shortName | G262: OIDF | I262: ControllingOrg | J262: shortName | K262: HEART WG
D263: HAS_CHILD_ORG | E263: ControllingOrg | F263: shortName | G263: OIDF | I263: ControllingOrg | J263: shortName | K263: iGov WG
D264: HAS_CHILD_ORG | E264: ControllingOrg | F264: shortName | G264: OIDF | I264: ControllingOrg | J264: shortName | K264: IPSIE WG
D265: HAS_CHILD_ORG | E265: ControllingOrg | F265: shortName | G265: OIDF | H265: OIDF | I265: ControllingOrg | J265: shortName | K265: MODRNA WG | L265: MODRNA WG
D266: HAS_CHILD_ORG | E266: ControllingOrg | F266: shortName | G266: OIDF | I266: ControllingOrg | J266: shortName | K266: R&E WG
D267: HAS_CHILD_ORG | E267: ControllingOrg | F267: shortName | G267: OIDF | I267: ControllingOrg | J267: shortName | K267: Shared Signals WG
D269: HAS_CHILD_ORG | E269: ControllingOrg | F269: shortName | G269: OASIS | H269: OASIS Open | I269: ControllingOrg | J269: shortName | K269: Security TC | L269: SS TC
D270: HAS_CHILD_ORG | E270: ControllingOrg | F270: shortName | G270: OASIS | I270: ControllingOrg | J270: shortName | K270: WSFed TC
D271: HAS_CHILD_ORG | E271: ControllingOrg | F271: shortName | G271: OASIS | I271: ControllingOrg | J271: shortName | K271: WS-SX TC
D272: HAS_CHILD_ORG | E272: ControllingOrg | F272: shortName | G272: OASIS | I272: ControllingOrg | J272: shortName | K272: WSS TC
D273: HAS_CHILD_ORG | E273: ControllingOrg | F273: shortName | G273: OASIS | I273: ControllingOrg | J273: shortName | K273: WSS-M TC
D274: HAS_CHILD_ORG | E274: ControllingOrg | F274: shortName | G274: OASIS | I274: ControllingOrg | J274: shortName | K274: XACML TC
D276: HAS_CHILD_ORG | E276: ControllingOrg | F276: shortName | G276: SVTA | H276: SVTA | I276: ControllingOrg | J276: shortName | K276: OATC | L276: OATC
D277: HAS_CHILD_ORG | E277: ControllingOrg | F277: shortName | G277: W3C | I277: ControllingOrg | J277: shortName | K277: did WG
D278: HAS_CHILD_ORG | E278: ControllingOrg | F278: shortName | G278: W3C | I278: ControllingOrg | J278: shortName | K278: fedid WG
D279: HAS_CHILD_ORG | E279: ControllingOrg | F279: shortName | G279: W3C | I279: ControllingOrg | J279: shortName | K279: vc WG
D280: HAS_CHILD_ORG | E280: ControllingOrg | F280: shortName | G280: W3C | I280: ControllingOrg | J280: shortName | K280: webauthn WG
D281: HAS_CHILD_ORG | E281: ControllingOrg | F281: shortName | G281: FIDO Alliance | I281: ControllingOrg | J281: shortName | K281: FIDO2 TWG
D282: HAS_CHILD_ORG | E282: ControllingOrg | F282: shortName | G282: FIDO Alliance | I282: ControllingOrg | J282: shortName | K282: DO TWG
D283: HAS_CHILD_ORG | E283: ControllingOrg | F283: shortName | G283: FIDO Alliance | I283: ControllingOrg | J283: shortName | K283: Metadata TWG
D284: HAS_CHILD_ORG | E284: ControllingOrg | F284: shortName | G284: FIDO Alliance | I284: ControllingOrg | J284: shortName | K284: UAF TWG
D285: HAS_CHILD_ORG | E285: ControllingOrg | F285: shortName | G285: Kantara | I285: ControllingOrg | J285: shortName | K285: UMA WG
D286: HAS_CHILD_ORG | E286: ControllingOrg | F286: shortName | G286: Kantara | I286: ControllingOrg | J286: shortName | K286: IA WG
D287: HAS_CHILD_ORG | E287: ControllingOrg | F287: shortName | G287: Kantara | I287: ControllingOrg | J287: shortName | K287: RIUP WG
D288: HAS_CHILD_ORG | E288: ControllingOrg | F288: shortName | G288: Kantara | I288: ControllingOrg | J288: shortName | K288: PEMC WG
... D290: PREVIOUSLY_KNOWN_AS | E290: ControllingOrg | F290: shortName | G290: Netscape | I290: ControllingOrg | J290: shortName | K290: Mosaic (Netscape)
C293: ASCII
D295: CONTROLS | E295: ControllingOrg | F295: shortName | G295: X3.2 | I295: Authority | J295: reference | K295: US-ASCII [ASA X3.4-1963]
D296: MEMBER_OF | E296: Authority | F296: reference | G296: US-ASCII [ASA X3.4-1963] | I296: AuthorityGroup | J296: reference | K296: US-ASCII
D297: CONTROLS | E297: ControllingOrg | F297: shortName | G297: X3.2 | I297: Authority | J297: reference | K297: US-ASCII [ASA X3.4-1965]
D298: MEMBER_OF | E298: Authority | F298: reference | G298: US-ASCII [ASA X3.4-1965] | I298: AuthorityGroup | J298: reference | K298: US-ASCII
D299: SUPERSEDES | E299: Authority | F299: reference | G299: US-ASCII [ASA X3.4-1965] | I299: Authority | J299: reference | K299: US-ASCII [ASA X3.4-1963]
D300: CONTROLS | E300: ControllingOrg | F300: shortName | G300: X3.2 | I300: Authority | J300: reference | K300: US-ASCII [USAS X3.4-1967]
D301: MEMBER_OF | E301: Authority | F301: reference | G301: US-ASCII [USAS X3.4-1967] | I301: AuthorityGroup | J301: reference | K301: US-ASCII
D302: SUPERSEDES | E302: Authority | F302: reference | G302: US-ASCII [USAS X3.4-1967] | I302: Authority | J302: reference | K302: US-ASCII [ASA X3.4-1965]
D303: CONTROLS | E303: ControllingOrg | F303: shortName | G303: X3.2 | I303: Authority | J303: reference | K303: US-ASCII [USAS X3.4-1968]
D304: MEMBER_OF | E304: Authority | F304: reference | G304: US-ASCII [USAS X3.4-1968] | I304: AuthorityGroup | J304: reference | K304: US-ASCII
D305: SUPERSEDES | E305: Authority | F305: reference | G305: US-ASCII [USAS X3.4-1968] | I305: Authority | J305: reference | K305: US-ASCII [USAS X3.4-1967]
D306: HAS_RELATED_AUTHORITY | E306: Authority | F306: reference | G306: US-ASCII [USAS X3.4-1968] | I306: Authority | J306: reference | K306: RFC20 | P306: textually equivalent
D307: HAS_RELATED_AUTHORITY | E307: Authority | F307: reference | G307: US-ASCII [USAS X3.4-1968] | I307: Authority | J307: reference | K307: ISO 646:1973 | P307: influenced
D308: CONTROLS | E308: ControllingOrg | F308: shortName | G308: X3L2 | I308: Authority | J308: reference | K308: US-ASCII [ANSI X3.4-1977]
D309: MEMBER_OF | E309: Authority | F309: reference | G309: US-ASCII [ANSI X3.4-1977] | I309: AuthorityGroup | J309: reference | K309: US-ASCII
D310: SUPERSEDES | E310: Authority | F310: reference | G310: US-ASCII [ANSI X3.4-1977] | I310: Authority | J310: reference | K310: US-ASCII [USAS X3.4-1968]
...

Sheet ControllingOrg
A1: controllingOrgId | B1: createdTimestamp | C1: updatedTimestamp | D1: shortName | E1: fullName | F1: url | G1: organizationType | H1: status | I1: startDate | J1: endDate | K1: notes | L1: DNI_notes
D2: IETF | E2: Internet Engineering Task Force | F2: https://www.ietf.org/ | G2: open standards organization | H2: Active | I2: 1986-01 | K2: IETF succeeds multiple organizations for managing the RFC series, starting in 1969
D3: IETF GEN Area | E3: IETF General Area Group | F3: https://datatracker.ietf.org/group/gen/about/ | G3: topic focus group | H3: Active | I3: 2002-11-17
D4: IETF SEC Area | E4: IETF Security Area Group | F4: https://datatracker.ietf.org/group/sec/about/ | G4: topic focus group | H4: Active | I4: 1983-09-06
D5: oauth WG | E5: Web Authorization Protocol working group | F5: https://datatracker.ietf.org/wg/oauth/about/ | G5: topic focus group | H5: Active | I5: 2009-05-12
D6: jose WG | E6: Javascript Object Signing and Encryption working group | F6: https://datatracker.ietf.org/wg/jose/about/ | G6: topic focus group | H6: Active | I6: 2011-09-21
D7: scim WG | E7: System for Cross-domain Identity Management working group | F7: https://datatracker.ietf.org/wg/scim/about/ | G7: topic focus group | H7: Active | I7: 2012-06-12
D8: cose WG | E8: CBOR Object Signing and Encryption working group | F8: https://datatracker.ietf.org/wg/cose/about/ | G8: topic focus group | H8: Active | I8: 2015-06-03
D9: spice WG | E9: Secure Patterns for Internet CrEdentials working group | F9: https://datatracker.ietf.org/wg/spice/about/ | G9: topic focus group | H9: Active | I9: 2023-09-28
D10: rats WG | E10: Remote ATtestation ProcedureS working group | F10: https://datatracker.ietf.org/wg/rats/about/ | G10: topic focus group | H10: Active | I10: 2018-09-26
D11: scitt WG | E11: Supply Chain Integrity, Transparency, and Trust working group | F11: https://datatracker.ietf.org/wg/scitt/about/ | G11: topic focus group | H11: Active | I11: 2022-06-02
D12: ace WG | E12: Authentication and Authorization for Constrained Environments working group | F12: https://datatracker.ietf.org/wg/ace/about/ | G12: topic focus group | H12: Active | I12: 2014-01-22
D13: httpauth WG | E13: Hypertext Transfer Protocol Authentication working group | F13: https://datatracker.ietf.org/wg/httpauth/about/ | G13: topic focus group | H13: Closed | I13: 2012 | J13: 2017-02-01 | K13: Start date unclear
D14: kitten WG | E14: Common Authentication Technology Next Generation working group | F14: https://datatracker.ietf.org/wg/kitten/about/ | G14: topic focus group | H14: Active | I14: 2004-10-28
D15: radext WG | E15: RADIUS EXTensions working group | F15: https://datatracker.ietf.org/wg/radext/about/ | G15: topic focus group | H15: Active | I15: 2004-07-08
D16: tls WG | E16: Transport Layer Security working group | F16: https://datatracker.ietf.org/wg/tls/about/ | G16: topic focus group | H16: Active | I16: 1996-05-24
D17: uta WG | E17: Using TLS in Applications | F17: https://datatracker.ietf.org/wg/uta/about/ | G17: topic focus group | H17: Active | I17: 2013-12-11
D18: IETF APP Area | E18: IETF Applications Area Group | F18: https://datatracker.ietf.org/group/app/about/ | G18: topic focus group | H18: Closed | I18: 1983-09-06
D19: drums WG | E19: Detailed Revision/Update of Message Standards working group | F19: https://datatracker.ietf.org/wg/drums/about/ | G19: topic focus group | H19: Closed | I19: 1995-05-18 | J19: 2001-04-26
D20: http WG | E20: HyperText Transfer Protocol working group | F20: https://datatracker.ietf.org/wg/http/about/ | G20: topic focus group | H20: Closed | I20: 1995-01-26 | J20: 2000-10-11
D21: tn3270e WG | E21: Telnet TN3270 Enhancements working group | F21: https://datatracker.ietf.org/wg/tn3270e/about/ | G21: topic focus group | H21: Closed | I21: 1997-03-24 | J21: 2004-02-19
D22: uribof WG | E22: Uniform Resource Identifiers working group | F22: https://datatracker.ietf.org/wg/uribof/about/ | G22: topic focus group | H22: Closed | I22: 1992-11-30 | J22: 1995-07-21
D23: urlreg WG | E23: Uniform Resource Locator Registration Procedures working group | F23: https://datatracker.ietf.org/wg/urlreg/about/ | G23: topic focus group | H23: Closed | I23: 1997-07-24 | J23: 1999-11-15
D24: IETF ART Area | E24: IETF Applications and Real-Time Area Group | F24: https://datatracker.ietf.org/group/art/about/ | G24: topic focus group | H24: Active | I24: 2015-05-28
D25: appsawg WG | E25: ART Area General Applications working group | F25: https://datatracker.ietf.org/wg/appsawg/about/ | G25: topic focus group | H25: Closed | I25: 2010-10-26 | J25: 2017-07-06
D26: wimse WG | E26: Workload Identity in Multi System Environments working group | F26: https://datatracker.ietf.org/wg/wimse/about/ | G26: topic focus group | H26: Active | I26: 2023-09-28
D27: xmpp WG | E27: Extensible Messaging and Presence Protocol working group | F27: https://datatracker.ietf.org/wg/xmpp/about/ | G27: topic focus group | H27: Closed | I27: 2009-05-29 | J27: 2015-09-14
D28: IETF INT Area | E28: IETF Internet Area Group | F28: https://datatracker.ietf.org/group/int/about/ | G28: topic focus group | H28: Active | I28: 1983-09-06
D29: 6man WG | E29: IPv6 Maintenance working group | F29: https://datatracker.ietf.org/wg/6man/about/ | G29: topic focus group | H29: Active | I29: 2007-09-20
D30: ipngwg WG | E30: IPNG working group | F30: https://datatracker.ietf.org/wg/ipngwg/about/ | G30: topic focus group | H30: Closed | I30: 1994-11-17 | J30: 2001-12-06
D31: ipv6 WG | E31: IP Version 6 working group | F31: https://datatracker.ietf.org/wg/ipv6/about/ | G31: topic focus group | H31: Closed | I31: 2000-12-05 | J31: 2007-09-23
D32: IETF WIT Area | E32: Web and Internet Transport Area Group | F32: https://datatracker.ietf.org/group/wit/about/ | G32: topic focus group | H32: Active | K32: Start date unclear
D33: httpbis WG | E33: HTTP working group | F33: https://datatracker.ietf.org/wg/httpbis/about/ | G33: topic focus group | H33: Active | I33: 2007-10-18
D34: quic WG | E34: QUIC working group | F34: https://datatracker.ietf.org/wg/quic/about/ | G34: topic focus group | H34: Active | I34: 2016-10-04
D35: OIDF | E35: OpenID Foundation | F35: https://openid.net/ | G35: open standards organization | H35: Active | I35: 2007
D36: AB/Connect WG | E36: OpenID AB/Connect working group | F36: https://openid.net/wg/connect/ | G36: topic focus group | H36: Active | I36: 2010-03
D37: AuthZEN WG | E37: AuthZEN working group | F37: https://openid.net/wg/authzen/ | G37: topic focus group | H37: Active | I37: 2023-10
D38: DCP WG | E38: Digital Credentials Protocols working group | F38: https://openid.net/wg/digital-credentials-protocols/ | G38: topic focus group | H38: Active | I38: 2023-08
D39: EAP WG | E39: Enhanced Authentication Profile working group | F39: https://openid.net/wg/eap/ | G39: topic focus group | H39: Closed | I39: 2016-07 | J39: 2025-06
D40: eKYC-IDA WG | E40: eKYC and Identity Assurance working group | F40: https://openid.net/wg/ekyc-ida/ | G40: topic focus group | H40: Active | I40: 2019-12
D41: FAPI WG | E41: FAPI working group | F41: https://openid.net/wg/fapi/ | G41: topic focus group | H41: Active | I41: 2016-05
D42: FastFed WG | E42: FastFed working group | F42: https://openid.net/wg/fastfed/ | G42: topic focus group | H42: Abandoned | I42: 2016-07 | J42: 2022-03 | K42: Last active meeting notes found for 2022-03-16, meeting on 2022-08-31 ended due to lack of attendance
D43: HEART WG | E43: HEART working group | F43: https://openid.net/wg/heart/ | G43: topic focus group | H43: Abandoned | I43: 2014-12 | J43: 2022-03 | K43: Last active messages in mail archive from 2022-03-31, last meeting 2020-04
D44: iGov WG | E44: iGov working group | F44: https://openid.net/wg/igov/ | G44: topic focus group | H44: Active | I44: 2015-08
D45: IPSIE WG | E45: Interoperability Profiling for Secure Identity in the Enterprise working group | F45: https://openid.net/wg/ipsie/ | G45: topic focus group | H45: Active | I45: 2024-10
D46: MODRNA WG | E46: Mobile Operator Discovery, Registration & Authentication working group | F46: https://openid.net/wg/modrna/ | G46: topic focus group | H46: Active | I46: 2014-07
D47: R&E WG | E47: Research and Education working group | F47: https://openid.net/wg/rande/ | G47: topic focus group | H47: Abandoned | I47: 2018-11 | J47: 2022-03 | K47: Last active meeting notes found for 2022-03-23
D48: Shared Signals WG | E48: Shared Signals working group | F48: https://openid.net/wg/sharedsignals/ | G48: topic focus group | H48: Active | I48: 2015-04
D49: W3C | E49: World Wide Web Consortium | F49: https://www.w3.org/ | G49: open standards organization | H49: Active | I49: 1994
D50: did WG | E50: Decentralized Identifier working group | F50: https://www.w3.org/groups/wg/did/ | G50: open standards organization | H50: Active | I50: 2019-09-05 | J50: 2026-04-28 | K50: End date based on current charter
D51: fedid WG | E51: Federated Identity working group | F51: https://www.w3.org/groups/wg/fedid/ | G51: open standards organization | H51: Active | I51: 2024-03-28 | J51: 2027-02-25 | K51: End date based on current charter
D52: vc WG | E52: Verifiable Credentials working group | F52: https://www.w3.org/groups/wg/vc/ | G52: open standards organization | H52: Active | I52: 2017-04-14 | J52: 2026-10-11 | K52: End date based on current charter
D53: webauthn WG | E53: Web Authentication working group | F53: https://www.w3.org/groups/wg/webauthn/ | G53: open standards organization | H53: Active | I53: 2016-02-08 | J53: 2026-04-30 | K53: End date based on current charter
D54: FIDO Alliance | E54: FIDO Alliance | F54: https://fidoalliance.org/ | G54: industry association | H54: Active | I54: 2013-02
D55: FIDO2 TWG | E55: FIDO2 technical working group | F55: https://fidoalliance.org/members/working-groups/ | G55: topic focus group | H55: Active
D56: DO TWG | E56: Device Onboarding technical working group | F56: https://fidoalliance.org/members/working-groups/ | G56: topic focus group | H56: Active
D57: Metadata TWG | E57: Metadata Service technical working group | F57: https://fidoalliance.org/members/working-groups/ | G57: topic focus group | H57: Active
D58: UAF TWG | E58: Universal Authentication Framework technical working group | F58: https://fidoalliance.org/members/working-groups/ | G58: topic focus group | H58: Active
D59: Kantara | E59: Kantara Initiative | F59: https://kantarainitiative.org/ | G59: industry association | H59: Active | I59: 2009
D60: UMA WG | E60: User Managed Access working group | F60: https://kantarainitiative.org/work-groups/uma/ | G60: topic focus group | H60: Active | I60: 2009-07-15 | K60: Last meeting with quorum per notes on 2023-08-24
D61: IA WG | E61: Identity Assurance working group | F61: https://kantarainitiative.org/work-groups/iawg/ | G61: topic focus group | H61: Active | I61: 2009
D62: RIUP WG | E62: Resilient Identifiers for Underserved Populations working group | F62: https://kantarainitiative.org/work-groups/riup/ | G62: topic focus group | H62: Active | I62: 2022-10-04
D63: PEMC WG | E63: Privacy Enhancing Mobile Credentials working group | F63: https://kantarainitiative.org/work-groups/pemc/ | G63: topic focus group | H63: Active | I63: 2021
D64: ANCR WG | E64: Anchored Notice and Consent Receipts working group | F64: https://kantarainitiative.org/work-groups/ancr/ | G64: topic focus group | H64: Active | I64: 2021
D65: Ecma | E65: Ecma International | F65: https://ecma-international.org/ | G65: open standards organization | H65: Active | I65: 1994 | K65: Reorganized from European Computer Manufacturers Association
D66: ECMA (Ecma) | E66: European Computer Manufacturers Association | G66: industry association | H66: Reorganized | I66: 1961-05-17 | J66: 1994 | K66: Reorganized into Ecma International
D67: ECMA TC1 | E67: Codes (Coded character sets) | G67: topic focus group | H67: Closed
D68: OASIS | E68: OASIS Open | F68: https://www.oasis-open.org/ | G68: open standards organization | H68: Active | I68: 1993 | K68: Founded as SGML Open in 1993, assumed current name in 1998
D69: Security TC | E69: OASIS Security Services technical committee | F69: https://www.oasis-open.org/committees/tc_home.php?wg_abbrev=security | G69: topic focus group | H69: Closed
D70: WSFed TC | E70: OASIS Web Services Federation technical committee | F70: https://www.oasis-open.org/committees/tc_home.php?wg_abbrev=wsfed | G70: topic focus group | H70: Closed
D71: WS-SX TC | E71: OASIS Web Services Secure Exchange technical committee | F71: https://www.oasis-open.org/committees/tc_home.php?wg_abbrev=ws-sx | G71: topic focus group | H71: Closed
D72: WSS TC | E72: OASIS Web Services Security technical committee | F72: https://www.oasis-open.org/committees/tc_home.php?wg_abbrev=wss | G72: topic focus group | H72: Closed
D73: WSS-M TC | E73: OASIS Web Services Security Maintenance technical committee | F73: https://www.oasis-open.org/committees/tc_home.php?wg_abbrev=wss-m | G73: topic focus group | H73: Closed
D74: XACML TC | E74: OASIS eXtensible Access Control Markup Language technical committee | F74: https://groups.oasis-open.org/communities/tc-community-home2?CommunityKey=67afe552-0921-49b7-9a85-018dc7d3ef1d | G74: topic focus group | H74: Active
D75: NIST | E75: National Institute of Standards and Technology (US) | F75: https://www.nist.gov/ | G75: regional/national standards organization | H75: Active | I75: 1988-08-23 | K75: Reorganized from National Bureau of Standards (US)
D76: NBS (NIST) | E76: National Bureau of Standards (US) | G76: regional/national standards organization | H76: Reorganized | I76: 1901-03-03 | J76: 1988-08-23 | K76: Reorganized into National Institute of Standards and Technology (US)
D77: ISO | E77: International Organization for Standardization | F77: https://www.iso.org/ | G77: international standards organization | H77: Active | I77: 1947-02-23
D78: ISO TC 46 | E78: ISO Technical Committee for Information and Documentation | F78: https://www.iso.org/committee/48750.html | G78: international standards organization | H78: Active | I78: 1947
D79: ISO TC 97 | E79: ISO Technical Committee for Computers Information Processing | G79: international standards organization | H79: Reorganized | I79: 1960 | J79: 1987 | K79: Reorganized into ISO/IEC JTC 1
D80: TC97 SC 2 | E80: TC97 subcommittee - Character Sets and Information Coding (SC2) | G80: topic focus group | H80: Reorganized | I80: 1961 | J80: 1987 | K80: Reorganized into JTC1 SC 2
D81: ISO TC 154 | E81: ISO Technical Committee for Processes, Data Elements and Documents in Commerce, Industry and Administration | F81: https://www.iso.org/committee/53186.html | G81: international standards organization | H81: Active | I81: 1972
D82: IEC | E82: International Electrotechnical Commission | F82: https://iec.ch/ | G82: international standards organization | H82: Active | I82: 1906-06-26
D83: IEC TC 83 | E83: IEC Technical Committee for Information Technology Equipment | G83: international standards organization | H83: Reorganized | J83: 1987 | K83: Reorganized into ISO/IEC JTC 1
D84: ISO/IEC JTC 1 | E84: ISO/IEC Joint Technical Committee for Information Technology (JTC 1) | F84: https://jtc1info.org/ | G84: international standards organization | H84: Active | I84: 1987 | K84: Reorganized from ISO TC97 and IEC TC83
D85: JTC1 SC 2 | E85: JTC1 subcommittee - Coded Character Sets (SC 2) | F85: https://www.iso.org/committee/45050.html | G85: topic focus group | H85: Active | I85: 1987 | K85: Reorganized from ISO TC97 SC2
D86: JTC1 SC 14 | E86: JTC1 subcommittee - Data Elements (SC 14) | G86: topic focus group | H86: Reorganized | I86: 1987 | J86: 1997 | K86: Reorganized into JTC1 SC32
D87: JTC1 SC 17 | E87: JTC1 subcommittee - Smart Card (SC 17) | F87: https://jtc1info.org/technology/subcommittees/smart-cards/ | G87: topic focus group | H87: Active | I87: 1987 | K87: Reorganized from ISO TC97 SC17 || Original SC formed in 1969
D88: JTC1 SC 21 | E88: JTC1 subcommittee - Upper Layers of OSI (SC 21) | G88: topic focus group | H88: Reorganized | I88: 1987 | J88: 1997 | K88: Portions reorganized into ISO/IEC JTC1 SC32 and SC33
D89: JTC1 SC 27 | E89: JTC1 subcommittee - Information Security, Cybersecurity and Privacy Protection (SC 27) | F89: https://jtc1info.org/technology/subcommittees/information-security-cybersecurity-privacy-protection/ | G89: topic focus group | H89: Active | I89: 1990 | K89: Partially reorganized from ISO/IEC JTC1 SC20
D90: JTC1 SC 30 | E90: JTC1 subcommittee - Open Electronic Data Interchange | G90: topic focus group | H90: Reorganized | I90: 1994 | J90: 1997 | K90: Portions reorganized into ISO/IEC JTC1 SC32
D91: JTC1 SC 32 | E91: JTC1 subcommittee - Data Management and Interchange (SC 32) | F91: https://jtc1info.org/technology/subcommittees/data-mgmt-and-interchange/ | G91: topic focus group | H91: Active | I91: 1997 | K91: Reorganized from portions of ISO/IEC JTC SC14, SC21, SC30
D92: JTC1 SC 37 | E92: JTC1 subcommittee - Biometrics (SC 37) | F92: https://jtc1info.org/technology/subcommittees/biometrics/ | G92: topic focus group | H92: Active | I92: 2002-08
D93: ITU | E93: International Telecommunication Union | F93: https://www.itu.int/ | G93: international standards organization | H93: Active | I93: 1865-05-17
D94: CCITT (ITU-T) | E94: International Telegraph and Telephone Consultative Committee | G94: international standards organization | H94: Reorganized | I94: 1956 | J94: 1992 | K94: Reorganized from CCIF and CCIT || Reorganized into ITU-T
D95: CCITT JWP NRD (1972) | E95: CCITT Joint Working Group NRD (Study Period 1968-1972) - New Data Networks | G95: topic focus group | H95: Reorganized | I95: 1969 | J95: 1972 | K95: Reorganized into CCITT SG 7 (1976)
D96: CCITT SG 7 (1976) | E96: CCITT Study Group VII (Study Period 1973-1976) - New Networks for Data Transmission | G96: topic focus group | H96: Continued | I96: 1973 | J96: 1976 | K96: Reorganized from CCITT JWP NRD (1972)
D97: CCITT SG 7 (1980) | E97: CCITT Study Group VII (Study Period 1977-1980) - New Networks for Data Transmission | G97: topic focus group | H97: Continued | I97: 1977 | J97: 1980
D98: CCITT SG 7 (1984) | E98: CCITT Study Group VII (Study Period 1981-1984) - Data Communication Networks | G98: topic focus group | H98: Continued | I98: 1981 | J98: 1984
D99: CCITT SG 7 (1988) | E99: CCITT Study Group VII (Study Period 1985-1988) - Data Communication Networks | G99: topic focus group | H99: Continued | I99: 1985 | J99: 1988
D100: CCITT SG 7 (1992) | E100: CCITT Study Group VII (Study Period 1989-1992) - Data Communication Networks | G100: topic focus group | H100: Reorganized | I100: 1989 | J100: 1992 | K100: Reorganized into ITU-T SG 7 (1996)
...

Sheet AuthorityGroup
A1: authorityGroupId | B1: createdTimestamp | C1: updatedTimestamp | D1: atlasStatus | E1: groupType | F1: reference | G1: title | H1: url | I1: notes | J1: DNI_notes
D2: refonly | E2: versionedAuthority | F2: US-ASCII | G2: American Standard Code for Information Interchange
D3: refonly | E3: versionedAuthority | F3: ECMA-6 | G3: 7-Bit Coded Character Set | H3: https://ecma-international.org/publications-and-standards/standards/ecma-6/
D4: refonly | E4: versionedAuthority | F4: ISO/IEC 646 | G4: Information Processing - ISO 7-bit Coded Character Set for Information Interchange
D5: refonly | E5: versionedAuthority | F5: ITU-T Rec. T.50 | G5: International Reference Alphabet (IRA) / Information Processing - ISO 7-bit Coded Character Set for Information Interchange | H5: https://www.itu.int/myworkspace/#/t-rec/item?id=2570
D6: refonly | E6: versionedAuthority | F6: ECMA-35 | G6: Character Code Structure and Extension Techniques | H6: https://ecma-international.org/publications-and-standards/standards/ecma-35/
D7: refonly | E7: versionedAuthority | F7: ISO/IEC 2022 | G7: Information technology — Character code structure and extension techniques
D8: refonly | E8: collectedAuthority | F8: ISO/IEC 2022:1994 (as amended) | G8: Information technology — Character code structure and extension techniques [ISO/IEC 2022:1994] | H8: https://www.iso.org/standard/22747.html
D9: refonly | E9: versionedAuthority | F9: ISO/IEC 2375 | G9: Information technology – Registered escape sequences and coded character sets
D10: refonly | E10: versionedAuthority | F10: ECMA-43 | G10: 8-Bit Coded Character Set Structure and Rules | H10: https://ecma-international.org/publications-and-standards/standards/ecma-43/
D11: refonly | E11: versionedAuthority | F11: ISO/IEC 4873 | G11: Information technology — ISO 8-bit code for information interchange — Structure and rules for implementation
D12: refonly | E12: collectedAuthority | F12: ISO 4873:1979 (as amended) | G12: Information processing — 8- bit coded character set for information interchange [ISO 4873:1979]
D13: refonly | E13: versionedAuthority | F13: ECMA-48 | G13: Control Functions for Coded Character Sets | H13: https://ecma-international.org/publications-and-standards/standards/ecma-48/
D14: refonly | E14: versionedAuthority | F14: ISO/IEC 6429 | G14: Information technology — Control functions for coded character sets
D15: refonly | E15: versionedAuthority | F15: ISO/IEC 6937 | G15: Information technology — Coded graphic character set for text communication — Latin alphabet
D16: refonly | E16: collectedAuthority | F16: ISO 6937-2:1983 (as amended) | G16: Information processing — Coded character sets for text communication — Part 2: Latin alphabetic and non-alphabetic graphic characters
D17: refonly | E17: versionedAuthority | F17: ITU-T Rec. T.51 | G17: Latin Based Coded Character Sets for Telematic Services
D18: refonly | E18: collectedAuthority | F18: ITU-T Rec. T.51 (09/1992) (as amended) | G18: Latin Based Coded Character Sets for Telematic Services
D19: refonly | E19: collectedAuthority | F19: ISO/IEC 8859 | G19: Information technology — 8-bit single-byte coded graphic character sets
D20: refonly | E20: versionedAuthority | F20: ISO/IEC 10367 | G20: Information technology — Standardized coded graphic character sets for use in 8-bit codes
D21: refonly | E21: versionedAuthority | F21: ITU-T Rec. T.61 | G21: Character Repertoire and Coded Character Sets for the International Teletex Service
D22: refonly | E22: versionedAuthority | F22: Unicode | G22: The Unicode Standard | H22: https://www.unicode.org/versions/enumeratedversions.html
D23: refonly | E23: versionedAuthority | F23: ISO/IEC 10646 | G23: Information technology — Universal Multiple-Octet Coded Character Set (UCS)
D24: refonly | E24: collectedAuthority | F24: ISO/IEC 10646-1:1993 (as amended) | G24: Information technology — Universal Multiple-Octet Coded Character Set (UCS) — Part 1: Architecture and Basic Multilingual Plane [ISO/IEC 10646-1:1993] | H24: https://www.iso.org/standard/18741.html
D25: refonly | E25: collectedAuthority | F25: ISO/IEC 10646-1:1993 (Unicode 2.0) | G25: Information technology — Universal Multiple-Octet Coded Character Set (UCS) — Part 1: Architecture and Basic Multilingual Plane [ISO/IEC 10646-1:1993] (equivalent to Unicode 2.0) | I25: Subset of amendments to ISO/IEC 10464-1:1993 for Unicode equivalence
D26: refonly | E26: collectedAuthority | F26: ISO/IEC 10646-1:2000 (as amended) | G26: Information technology — Universal Multiple-Octet Coded Character Set (UCS) — Part 1: Architecture and Basic Multilingual Plane [ISO/IEC 10646-1:2000] | H26: https://www.iso.org/standard/29819.html
D27: refonly | E27: collectedAuthority | F27: ISO/IEC 10646:2000/2001 (Unicode 3.1) | G27: Information technology — Universal Multiple-Octet Coded Character Set (UCS) [ISO/IEC 10646-1:2000 and ISO/IEC 10646-2:2001] (equivalent to Unicode 3.1) | I27: Combination of ISO/IEC 10646-1:2000 and ISO/IEC 10646-2:2001 for Unicode equivalence
D28: refonly | E28: collectedAuthority | F28: ISO/IEC 10646:2000/2001 (Unicode 3.2) | G28: Information technology — Universal Multiple-Octet Coded Character Set (UCS) [ISO/IEC 10646-1:2000 and ISO/IEC 10646-2:2001] (equivalent to Unicode 3.2) | I28: Combination of ISO/IEC 10646-1:2000 (amended) and ISO/IEC 10646-2:2001 for Unicode equivalence
D29: refonly | E29: collectedAuthority | F29: ISO/IEC 10646:2003 (as amended) | G29: Information technology — Universal Multiple-Octet Coded Character Set (UCS) [ISO/IEC 10646:2003] | H29: https://www.iso.org/standard/39921.html
D30: refonly | E30: collectedAuthority | F30: ISO/IEC 10646:2003 (Unicode 4.1) | G30: Information technology — Universal Multiple-Octet Coded Character Set (UCS) [ISO/IEC 10646:2003] (equivalent to Unicode 4.1) | I30: Subset of amendments to ISO/IEC 10464:2003 for Unicode equivalence
D31: refonly | E31: collectedAuthority | F31: ISO/IEC 10646:2003 (Unicode 5.0) | G31: Information technology — Universal Multiple-Octet Coded Character Set (UCS) [ISO/IEC 10646:2003] (equivalent to Unicode 5.0) | I31: Subset of amendments to ISO/IEC 10464:2003 for Unicode equivalence
D32: refonly | E32: collectedAuthority | F32: ISO/IEC 10646:2003 (Unicode 5.1) | G32: Information technology — Universal Multiple-Octet Coded Character Set (UCS) [ISO/IEC 10646:2003] (equivalent to Unicode 5.1) | I32: Subset of amendments to ISO/IEC 10464:2003 for Unicode equivalence
D33: refonly | E33: collectedAuthority | F33: ISO/IEC 10646:2003 (Unicode 5.2) | G33: Information technology — Universal Multiple-Octet Coded Character Set (UCS) [ISO/IEC 10646:2003] (equivalent to Unicode 5.2) | I33: Subset of amendments to ISO/IEC 10464:2003 for Unicode equivalence
D34: refonly | E34: collectedAuthority | F34: ISO/IEC 10646:2012 (as amended) | G34: Information technology — Universal Multiple-Octet Coded Character Set (UCS) [ISO/IEC 10646:2012] | H34: https://www.iso.org/standard/56921.html
D35: refonly | E35: collectedAuthority | F35: ISO/IEC 10646:2014 (as amended) | G35: Information technology — Universal Multiple-Octet Coded Character Set (UCS) [ISO/IEC 10646:2014] | H35: https://www.iso.org/standard/63182.html
D36: refonly | E36: collectedAuthority | F36: ISO/IEC 10646:2014 (Unicode 8.0) | G36: Information technology — Universal Multiple-Octet Coded Character Set (UCS) [ISO/IEC 10646:2014] (equivalent to Unicode 8.0) | I36: Subset of amendments to ISO/IEC 10464:2014 for Unicode equivalence
D37: refonly | E37: collectedAuthority | F37: ISO/IEC 10646:2014 (Unicode 9.0) | G37: Information technology — Universal Multiple-Octet Coded Character Set (UCS) [ISO/IEC 10646:2014] (equivalent to Unicode 9.0) | I37: Subset of amendments to ISO/IEC 10464:2014 for Unicode equivalence
D38: refonly | E38: collectedAuthority | F38: ISO/IEC 10646:2017 (as amended) | G38: Information technology — Universal Multiple-Octet Coded Character Set (UCS) [ISO/IEC 10646:2017] | H38: https://www.iso.org/standard/69119.html
D39: refonly | E39: collectedAuthority | F39: ISO/IEC 10646:2017 (Unicode 11.0) | G39: Information technology — Universal Multiple-Octet Coded Character Set (UCS) [ISO/IEC 10646:2017] (equivalent to Unicode 11.0) | I39: Subset of amendments to ISO/IEC 10464:2017 for Unicode equivalence
D40: refonly | E40: collectedAuthority | F40: ISO/IEC 10646:2017 (Unicode 12.0) | G40: Information technology — Universal Multiple-Octet Coded Character Set (UCS) [ISO/IEC 10646:2017] (equivalent to Unicode 12.0) | I40: Subset of amendments to ISO/IEC 10464:2017 for Unicode equivalence
D41: refonly | E41: collectedAuthority | F41: ISO/IEC 10646:2020 (as amended) | G41: Information technology — Universal Multiple-Octet Coded Character Set (UCS) [ISO/IEC 10646:2020] | H41: https://www.iso.org/standard/76835.html
D42: refonly | E42: collectedAuthority | F42: ISO/IEC 10646:2020 (Unicode 15.0) | G42: Information technology — Universal Multiple-Octet Coded Character Set (UCS) [ISO/IEC 10646:2020] (equivalent to Unicode 15.0) | I42: Subset of amendments to ISO/IEC 10464:2020 for Unicode equivalence
D43: refonly | E43: collectedAuthority | F43: ISO/IEC 10646:2020 (Unicode 16.0) | G43: Information technology — Universal Multiple-Octet Coded Character Set (UCS) [ISO/IEC 10646:2020] (equivalent to Unicode 16.0) | I43: Subset of amendments to ISO/IEC 10464:2020 for Unicode equivalence
D44: refonly | E44: collectedAuthority | F44: Internet Message Format | G44: Internet Message Format
D45: refonly | E45: collectedAuthority | F45: ABNF | G45: Augmented Backus-Naur Form
D46: refonly | E46: versionedAuthority | F46: ISO 8601 | G46: Date and time — Representations for information interchange
D47: refonly | E47: collectedAuthority | F47: ISO 8601:1988 (as amended) | G47: Data Elements and Interchange Formats — Information Interchange — Representation of Dates and Times [ISO 8601:1988] | H47: https://www.iso.org/standard/15903.html
D48: refonly | E48: collectedAuthority | F48: ISO 8601:2019 (parts 1-2) | G48: Date and Time — Representations for Information Interchange [ISO 8601:2019] | I48: ISO 8601 divided into multiple parts in 2019 revision
D49: refonly | E49: collectedAuthority | F49: ISO 8601-1:2019 (as amended) | G49: Date and Time — Representations for Information Interchange — Part 1: Basic Rules [ISO 8601-1:2019] | H49: https://www.iso.org/standard/70907.html
D50: refonly | E50: collectedAuthority | F50: ISO 8601-2:2019 (as amended) | G50: Date and Time — Representations for Information Interchange — Part 2: Extensions [ISO 8601-2:2019] | H50: https://www.iso.org/standard/70908.html
D51: refonly | E51: versionedAuthority | F51: ISO 3166 | G51: Codes for the representation of names of countries and their subdivisions
D52: refonly | E52: collectedAuthority | F52: ISO 3166-1:2006 (as amended) | G52: Codes for the Representation of Names of Countries and their Subdivisions — Part 1: Country Codes [ISO 3166-1:2006] | H52: https://www.iso.org/standard/39719.html
D53: refonly | E53: versionedAuthority | F53: ISO/IEC 6523 | G53: Information Technology — Structure for the Identification of Organizations and Organization Parts
D54: refonly | E54: collectedAuthority | F54: ISO 6523:1984 (as amended) | G54: Data Interchange — Structures for the Identification of Organizations [ISO 6523:1984] | H54: https://www.iso.org/standard/12908.html
D55: refonly | E55: collectedAuthority | F55: ISO/IEC 6523:1998(parts 1-2) | G55: Information Technology — Structure for the Identification of Organizations and Organization Parts [ISO/IEC 6523:1998] | I55: ISO/IEC 6523 divided into multiple parts in 1998 revision
D56: refonly | E56: versionedAuthority | F56: ASN.1 (Legacy) | G56: Abstract Notation One (ASN.1) — 1984-1994 | I56: Legacy versions of ASN.1 syntax
D57: refonly | E57: versionedAuthority | F57: ASN.1 | G57: Abstract Notation One (ASN.1) | I57: Modern version of ASN.1
D58: refonly | E58: versionedAuthority | F58: SSL/TLS | G58: Secure Sockets Layer and Transport Layer Security
D59: refonly | E59: versionedAuthority | F59: DTLS | G59: Datagram Transport Layer Security
D60: refonly | E60: versionedAuthority | F60: HTTP/HTTPS | G60: Hypertext Transfer Protocol
D61: refonly | E61: ietfStandard | F61: STD11 | G61: STD 11 | H61: https://www.rfc-editor.org/info/std11 | I61: Format of Internet Text Messages
D62: refonly | E62: ietfStandard | F62: STD63 | G62: STD 63 | H62: https://www.rfc-editor.org/info/std63 | I62: Unicode or ISO/IEC 10646 character set, UTF-8 presentation
D63: refonly | E63: ietfStandard | F63: STD66 | G63: STD 66 | H63: https://www.rfc-editor.org/info/std66 | I63: URI syntax
D64: refonly | E64: ietfStandard | F64: STD68 | G64: STD 68 | H64: https://www.rfc-editor.org/info/std68 | I64: ABNF
D65: refonly | E65: ietfStandard | F65: STD80 | G65: STD 80 | H65: https://www.rfc-editor.org/info/std80 | I65: ASCII character set
D66: refonly | E66: ietfStandard | F66: STD97 | G66: STD 97 | H66: https://www.rfc-editor.org/info/std97 | I66: HTTP semantics
D67: refonly | E67: ietfStandard | F67: STD98 | G67: STD 98 | H67: https://www.rfc-editor.org/info/std98 | I67: HTTP caching
D68: refonly | E68: ietfStandard | F68: STD99 | G68: STD 99 | H68: https://www.rfc-editor.org/info/std99 | I68: HTTP/1.1
D69: refonly | E69: ietfBestCurrentPractice | F69: BCP14 | G69: BCP 14 | H69: https://www.rfc-editor.org/info/bcp14 | I69: RFC keywords
D70: refonly | E70: ietfBestCurrentPractice | F70: BCP35 | G70: BCP 35 | H70: https://www.rfc-editor.org/info/bcp35 | I70: URI registration guidelines and registration procedures
D71: refonly | E71: ietfBestCurrentPractice | F71: BCP90 | G71: BCP 90 | H71: https://www.rfc-editor.org/info/bcp90 | I71: Registration procedures for message header fields
D72: refonly | E72: ietfBestCurrentPractice | F72: BCP190 | G72: BCP 190 | H72: https://www.rfc-editor.org/info/bcp190 | I72: URI design and ownership
D73: refonly | E73: ietfBestCurrentPractice | F73: BCP195 | G73: BCP 195 | H73: https://www.rfc-editor.org/info/bcp195 | I73: TLS usage best practices

Sheet Authority
A1: authorityId | B1: createdTimestamp | C1: updatedTimestamp | D1: atlasCategory | E1: atlasStatus | F1: reference | G1: versionTag | H1: title | I1: status | J1: type | K1: stream | L1: publishedDate | M1: canonicalUrl | N1: canonicalFormat | O1: plainTextUrl | P1: htmlUrl | Q1: otherUrl | R1: otherFormat | S1: notes | T1: DNI_notes
D2: characterSet | E2: refonly; relComplete | F2: US-ASCII [ASA X3.4-1963] | H2: American Standard Code for Information Interchange [ASA X3.4-1963] | I2: Superseded | J2: National Standard | L2: 1963-06-17
D3: characterSet | E3: noReview; refonly; relComplete | F3: US-ASCII [ASA X3.4-1965] | H3: American Standard Code for Information Interchange [ASA X3.4-1965] | I3: Unpublished; Superseded | J3: National Standard | L3: 1965
D4: characterSet | E4: refonly; relComplete | F4: US-ASCII [USAS X3.4-1967] | H4: USA Standard Code for Information Interchange [USAS X3.4-1967] | I4: Superseded | J4: National Standard | L4: 1967-07-07
D5: characterSet | E5: refonly; relComplete | F5: US-ASCII [USAS X3.4-1968] | H5: USA Standard Code for Information Interchange [USAS X3.4-1968] | I5: Superseded | J5: National Standard | L5: 1968-10-10
D6: characterSet | E6: refonly; relComplete | F6: US-ASCII [ANSI X3.4-1977] | H6: American National Standard Code for Information Interchange [ANSI X3.4-1977] | I6: Superseded | J6: National Standard | L6: 1977-06-09
D7: characterSet | E7: refonly; relComplete | F7: US-ASCII [ANSI X3.4-1986] | H7: American National Standard for Information Systems - Coded Character Sets - 7-Bit American National Standard Code for Information Interchange (7-Bit ASCII) [ANSI X3.4-1986] | I7: Superseded | J7: National Standard | L7: 1986-03-26
D8: characterSet | E8: noReview; refonly; relComplete | F8: US-ASCII [ANSI X3.4-1986 (R1992)] | H8: American National Standard for Information Systems - Coded Character Sets - 7-Bit American National Standard Code for Information Interchange (7-Bit ASCII) [ANSI X3.4-1986 (R1992)] | I8: Superseded | J8: National Standard | L8: 1992 | S8: Reaffirmation of ANSI X3.4-1986
D9: characterSet | E9: noReview; refonly; relComplete | F9: US-ASCII [ANSI X3.4-1986 (R1997)] | H9: American National Standard for Information Systems - Coded Character Sets - 7-Bit American National Standard Code for Information Interchange (7-Bit ASCII) [ANSI X3.4-1986 (R1997)] | I9: Superseded | J9: National Standard | L9: 1997 | S9: Reaffirmation of ANSI X3.4-1986
D10: characterSet | E10: noReview; refonly; relComplete | F10: US-ASCII [ANSI INCITS 4-1986 (R2002)] | H10: American National Standard for Information Systems - Coded Character Sets - 7-Bit American National Standard Code for Information Interchange (7-Bit ASCII) [ANSI INCITS 4-1986 (R2002)] | I10: Superseded | J10: National Standard | L10: 2002-12-30 | M10: https://webstore.ansi.org/standards/incits/ansiincits1986r2002 | N10: Purchase | S10: Reaffirmation of ANSI X3.4-1986
D11: characterSet | E11: refonly; relComplete | F11: US-ASCII [ANSI INCITS 4-1986 (R2007)] | H11: American National Standard for Information Systems - Coded Character Sets - 7-Bit American National Standard Code for Information Interchange (7-Bit ASCII) [ANSI INCITS 4-1986 (R2007)] | I11: Superseded | J11: National Standard | L11: 2007-06-14 | M11: https://webstore.ansi.org/standards/incits/ansiincits1986r2007 | N11: Purchase | S11: Reaffirmation of ANSI X3.4-1986
D12: characterSet | E12: noReview; refonly; relComplete | F12: US-ASCII [INCITS 4-1986 (R2012)] | H12: American National Standard for Information Systems - Coded Character Sets - 7-Bit American National Standard Code for Information Interchange (7-Bit ASCII) [INCITS 4-1986 (R2012)] | I12: Superseded | J12: National Standard | L12: 2012-06-15 | M12: https://webstore.ansi.org/standards/incits/incits1986r2012 | N12: Purchase | S12: Reaffirmation of ANSI X3.4-1986
D13: characterSet | E13: noReview; refonly; relComplete | F13: US-ASCII [INCITS 4-1986 (R2017)] | H13: American National Standard for Information Systems - Coded Character Sets - 7-Bit American National Standard Code for Information Interchange (7-Bit ASCII) [INCITS 4-1986 (R2017)] | I13: Superseded | J13: National Standard | L13: 2017-11-02 | M13: https://webstore.ansi.org/standards/incits/incits1986r2017 | N13: Purchase | S13: Reaffirmation of ANSI X3.4-1986
D14: characterSet | E14: noReview; refonly; relComplete | F14: US-ASCII [INCITS 4-1986 (R2022)] | H14: American National Standard for Information Systems - Coded Character Sets - 7-Bit American National Standard Code for Information Interchange (7-Bit ASCII) [INCITS 4-1986 (R2022)] | I14: Active | J14: National Standard | L14: 2022-09-08 | M14: https://webstore.ansi.org/standards/incits/incits1986r2022 | N14: Purchase | S14: Reaffirmation of ANSI X3.4-1986
D15: characterSet | E15: noReview; refonly; relComplete | F15: ECMA-6 (04/1965) | G15: Edition 1 | H15: 7-bit Coded Character Set [ECMA-6 (04/1965)] | I15: Superseded | J15: ECMA Standard | L15: 1965-04
D16: characterSet | E16: noReview; refonly; relComplete | F16: ECMA-6 (06/1967) | G16: Edition 2 | H16: 7-bit Coded Character Set [ECMA-6 (06/1967)] | I16: Superseded | J16: ECMA Standard | L16: 1967-06
D17: characterSet | E17: noReview; refonly; relComplete | F17: ECMA-6 (07/1970) | G17: Edition 3 | H17: 7-bit Coded Character Set [ECMA-6 (07/1970)] | I17: Superseded | J17: ECMA Standard | L17: 1970-07
D18: characterSet | E18: refonly; relComplete | F18: ECMA-6 (08/1973) | G18: Edition 4 | H18: 7-bit Coded Character Set [ECMA-6 (08/1973)] | I18: Superseded | J18: ECMA Standard | L18: 1973-08 | M18: https://ecma-international.org/wp-content/uploads/ECMA-6_4th_edition_august_1973.pdf | N18: PDF
D19: characterSet | E19: refonly; relComplete | F19: ECMA-6 (03/1985) | G19: Edition 5 | H19: 7-bit Coded Character Set [ECMA-6 (03/1985)] | I19: Superseded | J19: ECMA Standard | L19: 1985-03 | M19: https://ecma-international.org/wp-content/uploads/ECMA-6_5th_edition_march_1985.pdf | N19: PDF
D20: characterSet | E20: refonly; relComplete | F20: ECMA-6 (12/1991) | G20: Edition 6 | H20: 7-bit Coded Character Set [ECMA-6 (12/1991)] | I20: Active | J20: ECMA Standard | L20: 1991-12 | M20: https://ecma-international.org/wp-content/uploads/ECMA-6_6th_edition_december_1991.pdf | N20: PDF
D21: characterSet | E21: refonly; relComplete | F21: ISO/R 646:1967 | G21: Edition 1 | H21: 6 and 7 Bit Coded Character Sets for Information Processing Interchange [ISO/R 646:1967] | I21: Withdrawn; Superseded | J21: ISO Recommendation | L21: 1967-12 | M21: https://www.iso.org/standard/963.html | N21: Request
D22: characterSet | E22: refonly; relComplete | F22: ISO 646:1973 | G22: Edition 1 | H22: Information Processing - ISO 7-bit Coded Character Set for Information Interchange [ISO 646:1973] | I22: Withdrawn; Superseded | J22: International Standard | L22: 1973-07 | M22: https://www.iso.org/standard/2823.html | N22: Request
D23: characterSet | E23: refonly; relComplete | F23: ISO 646:1983 | G23: Edition 2 | H23: Information Processing - ISO 7-bit Coded Character Set for Information Interchange [ISO 646:1983] | I23: Withdrawn; Superseded | J23: International Standard | L23: 1983-07 | M23: https://www.iso.org/standard/4776.html | N23: Request
D24: characterSet | E24: refonly; relComplete | F24: ISO/IEC 646:1991 | G24: Edition 3 | H24: Information Processing - ISO 7-bit Coded Character Set for Information Interchange [ISO/IEC 646:1991] | I24: Active | J24: International Standard | L24: 1991-12 | M24: https://www.iso.org/standard/4777.html | N24: Purchase
D25: characterSet | E25: refonly; relComplete | F25: CCITT Rec. V.3 (1968) | H25: International Alphabet Number 5 [CCITT Rec. V.3 (1968)] | I25: Superseded | J25: ITU-T Recommendation | L25: 1968 | Q25: https://search.itu.int/history/HistoryDigitalCollectionDocLibrary/4.255.43.en.1009.pdf | R25: PDF | S25: Other URL is Volume VIII of the White Book (1968), V.3 starts on page 11
D26: characterSet | E26: refonly; relComplete | F26: CCITT Rec. V.3 (1972) | H26: International Alphabet Number 5 [CCITT Rec. V.3 (1972)] | I26: Superseded | J26: ITU-T Recommendation | L26: 1972 | Q26: https://search.itu.int/history/HistoryDigitalCollectionDocLibrary/4.256.43.en.1015.pdf | R26: PDF | S26: Other URL is Volume VIII of the Green Book (1972), V.3 starts on page 47
D27: characterSet | E27: refonly; relComplete | F27: CCITT Rec. V.3 (10/1976) | G27: Edition 1 | H27: International Alphabet Number 5 [CCITT Rec. V.3 (10/1976)] | I27: Superseded | J27: ITU-T Recommendation | L27: 1976-10 | Q27: https://search.itu.int/history/HistoryDigitalCollectionDocLibrary/4.257.43.en.1015.pdf | R27: PDF | S27: Republication of CCITT Rec. V.3 (1972) || Other URL is Fascicle VIII.1 of the Orange Book (1976), V.3 starts on page 6
D28: characterSet | E28: refonly; relComplete | F28: CCITT Rec. V.3 (11/1980) | G28: Edition 2 | H28: International Alphabet Number 5 [CCITT Rec. V.3 (11/1980)] | I28: Superseded | J28: ITU-T Recommendation | L28: 1980-11 | Q28: https://search.itu.int/history/HistoryDigitalCollectionDocLibrary/4.258.43.en.1025.pdf | R28: PDF | S28: Republication of CCITT Rec. V.3 (1972) || Other URL is Fascicle VIII.1 of the Yellow Book (1980), V.3 starts on page 9
D29: characterSet | E29: refonly; relComplete | F29: CCITT Rec. T.50 (10/1984) | G29: Edition 3 | H29: International Alphabet Number 5 [CCITT Rec. T.50 (10/1984)] | I29: Superseded | J29: ITU-T Recommendation | L29: 1984-10 | Q29: https://search.itu.int/history/HistoryDigitalCollectionDocLibrary/4.259.43.en.1032.pdf | R29: PDF | S29: Other URL is Fascicle VII.3 of the Red Book (1984), T.50 starts on page 123
D30: characterSet | E30: refonly; relComplete | F30: CCITT Rec. T.50 (11/1988) | G30: Edition 4 | H30: International Alphabet Number 5 [CCITT Rec. T.50 (11/1988)] | I30: Superseded | J30: ITU-T Recommendation | L30: 1988-11 | M30: https://www.itu.int/rec/T-REC-T.50-198811-S | N30: PDF | Q30: https://search.itu.int/history/HistoryDigitalCollectionDocLibrary/4.260.43.en.1041.pdf | R30: PDF | S30: Republication of CCITT Rec. T.50 (10/1984) || Other URL is Fascicle VII.3 of the Blue Book (1988), T.50 starts on page 180
D31: characterSet | E31: refonly; relComplete | F31: ITU-T Rec. T.50 (09/1992) | G31: Edition 5 | H31: International Reference Alphabet (IRA) / Information Processing - ISO 7-bit Coded Character Set for Information Interchange [ITU-T Rec T.50 (09/1992)] | I31: Active | J31: ITU-T Recommendation | L31: 1992-09 | M31: https://www.itu.int/rec/T-REC-T.50-199209-I | N31: PDF
D32: characterSet | E32: refonly; relComplete | F32: RFC20 | H32: ASCII Format for Network Interchange | I32: Active | J32: Internet Standard | K32: Legacy | L32: 1969-10-16 | M32: https://www.rfc-editor.org/rfc/rfc20.txt | N32: TXT-ASCII | O32: https://www.rfc-editor.org/rfc/rfc20.txt | P32: https://www.rfc-editor.org/rfc/rfc20.html | Q32: https://datatracker.ietf.org/doc/rfc20/ | R32: IETF Datatracker | S32: Restatement of US-ASCII [USAS X3.4-1968]
D34: characterSet | E34: refonly; relComplete | F34: ECMA-35 (12/1971) | G34: Edition 1 | H34: Extension of the 7-bit Coded Character Set [ECMA-35 (12/1971)] | I34: Superseded | J34: ECMA Standard | L34: 1971-12 | M34: https://ecma-international.org/wp-content/uploads/ECMA-35_1st_edition_december_1971.pdf | N34: PDF
D35: characterSet | E35: refonly; relComplete | F35: ECMA-35 (01/1980) | G35: Edition 2 | H35: Extension of the 7-bit Coded Character Set [ECMA-35 (01/1980)] | I35: Superseded | J35: ECMA Standard | L35: 1980-01 | M35: https://ecma-international.org/wp-content/uploads/ECMA-35_2nd_edition_january_1980.pdf | N35: PDF
D36: characterSet | E36: refonly; relComplete | F36: ECMA-35 (01/1982) | G36: Edition 3 | H36: Code Extension Techniques [ECMA-35 (01/1982)] | I36: Superseded | J36: ECMA Standard | L36: 1982-01 | M36: https://ecma-international.org/wp-content/uploads/ECMA-35_3rd_edition_january_1982.pdf | N36: PDF
D37: characterSet | E37: refonly; relComplete | F37: ECMA-35 (03/1985) | G37: Edition 4 | H37: Code Extension Techniques [ECMA-35 (03/1985)] | I37: Superseded | J37: ECMA Standard | L37: 1985-03 | M37: https://ecma-international.org/wp-content/uploads/ECMA-35_4th_edition_march_1985.pdf | N37: PDF
D38: characterSet | E38: noReview; refonly; relComplete | F38: ECMA-35 (06/1993) | G38: Edition 5 | H38: Character Code Structure and Extension Techniques [ECMA-35 (06/1993)] | I38: Superseded | J38: ECMA Standard | L38: 1993-06
D39: characterSet | E39: refonly; relComplete | F39: ECMA-35 (12/1994) | G39: Edition 6 | H39: Character Code Structure and Extension Techniques [ECMA-35 (12/1994)] | I39: Active | J39: ECMA Standard | L39: 1994-12 | M39: https://ecma-international.org/wp-content/uploads/ECMA-35_6th_edition_december_1994.pdf | N39: PDF
D40: characterSet | E40: refonly; relComplete | F40: ISO 2022:1973 | G40: Edition 1 | H40: Information processing — Code extension techniques for use with the ISO 7-bit coded character set [ISO 2022:1973] | I40: Withdrawn; Superseded | J40: International Standard | L40: 1973-07 | M40: https://www.iso.org/standard/1920.html | N40: Request
D41: characterSet | E41: refonly; relComplete | F41: ISO 2022:1982 | G41: Edition 2 | H41: Information processing — ISO 7-bit and 8-bit coded character sets — Code extension techniques [ISO 2022:1982] | I41: Withdrawn; Superseded | J41: International Standard | L41: 1982-12 | M41: https://www.iso.org/standard/6790.html | N41: Request
D42: characterSet | E42: refonly; relComplete | F42: ISO 2022:1986 | G42: Edition 3 | H42: Information processing — ISO 7-bit and 8-bit coded character sets — Code extension techniques [ISO 2022:1986] | I42: Withdrawn; Superseded | J42: International Standard | L42: 1986-05 | M42: https://www.iso.org/standard/6791.html | N42: Request
D43: characterSet | E43: refonly; relComplete | F43: ISO/IEC 2022:1994 | G43: Edition 4 | H43: Information technology — Character code structure and extension techniques [ISO/IEC 2022:1994] | I43: Active; Updated | J43: International Standard | L43: 1994-12 | M43: https://www.iso.org/standard/22747.html | N43: Purchase
D44: characterSet | E44: refonly; relComplete | F44: ISO/IEC 2022:1994/Cor 1:1999 | G44: Edition 4 | H44: Information technology — Character code structure and extension techniques — Technical Corrigendum 1 [ISO/IEC 2022:1994/Cor 1:1999] | I44: Active | J44: International Standard | L44: 1999-04 | M44: https://www.iso.org/standard/31104.html | N44: Purchase
D45: characterSet | E45: refonly; relComplete | F45: ISO 2375:1974 | G45: Edition 1 | H45: Data processing — Procedure for registration of escape sequences [ISO 2375:1974] | I45: Withdrawn; Superseded | J45: International Standard | L45: 1974-07 | M45: https://www.iso.org/standard/2089.html | N45: Request
D46: characterSet | E46: refonly; relComplete | F46: ISO 2375:1980 | G46: Edition 2 | H46: Data processing — Procedure for registration of escape sequences [ISO 2375:1980] | I46: Withdrawn; Superseded | J46: International Standard | L46: 1980-07 | M46: https://www.iso.org/standard/7216.html | N46: Request
D47: characterSet | E47: refonly; relComplete | F47: ISO 2375:1985 | G47: Edition 3 | H47: Data processing — Procedure for registration of escape sequences [ISO 2375:1985] | I47: Withdrawn; Superseded | J47: International Standard | L47: 1985-11 | M47: https://www.iso.org/standard/7217.html | N47: Request
D48: characterSet | E48: refonly; relComplete | F48: ISO/IEC 2375:2003 | G48: Edition 1 | H48: Information technology — Procedure for registration of escape sequences and coded character sets [ISO/IEC 2375:2003] | I48: Withdrawn; Superseded | J48: International Standard | L48: 2003-02 | M48: https://www.iso.org/standard/32184.html | N48: Request
D49: characterSet | E49: refonly; relComplete | F49: ISO/IEC TR 2375:2024 | G49: Edition 1 | H49: Information technology – Registered escape sequences and coded character sets [ISO/IEC TR 2375:2024] | I49: Active | J49: Technical Report | L49: 2024-07 | M49: https://www.iso.org/standard/85288.html | N49: Purchase
D50: characterSet | E50: refonly; relComplete | F50: ECMA-43 (12/1974) | G50: Edition 1 | H50: 8-Bit Coded Character Set [ECMA-43 (12/1974)] | I50: Superseded | J50: ECMA Standard | L50: 1974-12 | M50: https://ecma-international.org/wp-content/uploads/ECMA-43_1st_edition_december_1974.pdf | N50: PDF
... D56: characterSet | E56: refonly; relComplete | F56: ISO/IEC 4873:1991 | G56: Edition 1 | H56: Information technology — ISO 8-bit code for information interchange — Structure and rules for implementation [ISO/IEC 4873:1991] | I56: Active | J56: International Standard | L56: 1991-12 | M56: https://www.iso.org/standard/10859.html | N56: Purchase
D57: characterSet | E57: refonly; relComplete | F57: ECMA-48 (03/1976) | G57: Edition 1 | H57: Additional Control Functions for Character-Imaging I/O Devices [ECMA-48 (03/1976)] | I57: Superseded | J57: ECMA Standard | L57: 1976-03
D58: characterSet | E58: refonly; relComplete | F58: ECMA-48 (08/1979) | G58: Edition 2 | H58: Additional Control Functions for Character-Imaging I/O Devices [ECMA-48 (08/1979)] | I58: Superseded | J58: ECMA Standard | L58: 1979-08 | M58: https://ecma-international.org/wp-content/uploads/ECMA-48_2nd_edition_august_1979.pdf | N58: PDF
D59: characterSet | E59: refonly; relComplete | F59: ECMA-48 (03/1984) | G59: Edition 3 | H59: Additional Control Functions for Character-Imaging I/O Devices [ECMA-48 (03/1984)] | I59: Superseded | J59: ECMA Standard | L59: 1984-03 | M59: https://ecma-international.org/wp-content/uploads/ECMA-48_3rd_edition_march_1984.pdf | N59: PDF
D60: characterSet | E60: refonly; relComplete | F60: ECMA-48 (12/1986) | G60: Edition 4 | H60: Control Functions for Coded Character Sets [ECMA-48 (12/1986)] | I60: Superseded | J60: ECMA Standard | L60: 1986-12 | M60: https://ecma-international.org/wp-content/uploads/ECMA-48_4th_edition_december_1986.pdf | N60: PDF
D61: characterSet | E61: refonly; relComplete | F61: ECMA-48 (06/1991) | G61: Edition 5 | H61: Control Functions for Coded Character Sets [ECMA-48 (06/1991)] | I61: Active | J61: ECMA Standard | L61: 1991-06 | M61: https://ecma-international.org/wp-content/uploads/ECMA-48_5th_edition_june_1991.pdf | N61: PDF
D62: characterSet | E62: refonly; relComplete | F62: ISO 6429:1983 | G62: Edition 1 | H62: Information processing — ISO 7-bit and 8-bit coded character sets — Additional control functions for character-imaging devices [ISO 6429:1983] | I62: Withdrawn; Superseded | J62: International Standard | L62: 1983-05 | M62: https://www.iso.org/standard/12780.html | N62: Request
D63: characterSet | E63: refonly; relComplete | F63: ISO 6429:1988 | G63: Edition 2 | H63: Information processing — Control functions for 7-bit and 8-bit coded character sets [ISO 6429:1988] | I63: Withdrawn; Superseded | J63: International Standard | L63: 1988-11 | M63: https://www.iso.org/standard/12781.html | N63: Request
D64: characterSet | E64: refonly; relComplete | F64: ISO/IEC 6429:1992 | G64: Edition 3 | H64: Information technology — Control functions for coded character sets [ISO/IEC 6429:1992] | I64: Active | J64: International Standard | L64: 1992-12 | M64: https://www.iso.org/standard/12782.html | N64: Purchase
D65: characterSet | E65: refonly; relComplete | F65: ISO 6937-1:1983 | G65: Edition 1 | H65: Information processing — Coded character sets for text communication — Part 1: General introduction [ISO 6937-1:1983] | I65: Withdrawn; Superseded | J65: International Standard | L65: 1983-11 | M65: https://www.iso.org/standard/13466.html | N65: Request
D66: characterSet | E66: refonly; relComplete | F66: ISO 6937-2:1983 | G66: Edition 1 | H66: Information processing — Coded character sets for text communication — Part 2: Latin alphabetic and non-alphabetic graphic characters [ISO 6937-2:1983] | I66: Withdrawn; Superseded | J66: International Standard | L66: 1983-12 | M66: https://www.iso.org/standard/13467.html | N66: Request
D67: characterSet | E67: refonly; relComplete | F67: ISO 6937-2:1983/Add 1:1989 | G67: Edition 1 | H67: Information processing — Coded character sets for text communication — Part 2: Latin alphabetic and non-alphabetic graphic characters — Addendum 1 [ISO 6937-2:1983/Add 1:1989] | I67: Withdrawn; Superseded | J67: International Standard | L67: 1989-04 | M67: https://www.iso.org/standard/13468.html | N67: Request
D68: characterSet | E68: refonly; relComplete | F68: ISO/IEC 6937:1994 | G68: Edition 2 | H68: Information technology — Coded graphic character set for text communication — Latin alphabet [ISO/IEC 6937:1994] | I68: Withdrawn; Superseded | J68: International Standard | L68: 1994-06 | M68: https://www.iso.org/standard/13465.html | N68: Request
D69: characterSet | E69: refonly; relComplete | F69: ISO/IEC 6937:2001 | G69: Edition 3 | H69: Information technology — Coded graphic character set for text communication — Latin alphabet [ISO/IEC 6937:2001] | I69: Active | J69: International Standard | L69: 2001-12 | M69: https://www.iso.org/standard/31393.html | N69: Purchase
D70: characterSet | E70: refonly; relComplete | F70: CCITT Rec. T.51 (10/1984) | G70: Edition 1 | H70: Coded Character Sets for Telematic Services [CCITT Rec. T.51 (10/1984)] | I70: Superseded | J70: ITU-T Recommendation | L70: 1984-10 | Q70: https://search.itu.int/history/HistoryDigitalCollectionDocLibrary/4.259.43.en.1032.pdf | R70: PDF | S70: Other URL is Fascicle VII.3 of the Red Book (1984), T.51 starts on page 139
D71: characterSet | E71: refonly; relComplete | F71: CCITT Rec. T.51 (11/1988) | G71: Edition 2 | H71: Coded Character Sets for Telematic Services [CCITT Rec. T.51 (11/1988)] | I71: Superseded | J71: ITU-T Recommendation | L71: 1988-11 | M71: https://www.itu.int/rec/T-REC-T.51-198811-S | N71: PDF | Q71: https://search.itu.int/history/HistoryDigitalCollectionDocLibrary/4.260.43.en.1041.pdf | R71: PDF | S71: Other URL is Fascicle VII.3 of the Blue Book (1988), T.51 starts on page 196
D72: characterSet | E72: refonly; relComplete | F72: ITU-T Rec. T.51 (09/1992) | G72: Edition 3 | H72: Latin Based Coded Character Sets for Telematic Services [ITU-T Rec. T.51 (09/1992)] | I72: Active; Updated | J72: ITU-T Recommendation | L72: 1992-09 | M72: https://www.itu.int/rec/T-REC-T.51-199209-I | N72: PDF
D73: characterSet | E73: refonly; relComplete | F73: ITU-T Rec. T.51 (09/1992)/Amd 1 (08/1995) | G73: Edition 3 | H73: Latin Based Coded Character Sets for Telematic Services — Amendment 1 [ITU-T Rec. T.51 (09/1992)/Amd 1 (08/1995)] | I73: Active | J73: ITU-T Recommendation | L73: 1995-08 | M73: https://www.itu.int/rec/T-REC-T.51-199508-I!Amd1 | N73: PDF
D74: characterSet | E74: refonly; relComplete | F74: ISO 8859-1:1987 | G74: Edition 1 | H74: Information processing — 8-bit single-byte coded graphic character sets — Part 1: Latin alphabet No. 1 [ISO 8859-1:1987] | I74: Withdrawn; Superseded | J74: International Standard | L74: 1987-02 | M74: https://www.iso.org/standard/16338.html | N74: Request
D75: characterSet | E75: refonly; relComplete | F75: ISO/IEC 8859-1:1998 | G75: Edition 1 | H75: Information technology — 8-bit single-byte coded graphic character sets — Part 1: Latin alphabet No. 1 [ISO/IEC 8859-1:1998] | I75: Active | J75: International Standard | L75: 1998-04 | M75: https://www.iso.org/standard/28245.html | N75: Purchase
D76: characterSet | E76: refonly; relComplete | F76: ISO 8859-2:1987 | G76: Edition 1 | H76: Information processing — 8-bit single byte coded graphic character sets — Part 2: Latin alphabet No. 2 [ISO 8859-2:1987] | I76: Withdrawn; Superseded | J76: International Standard | L76: 1987-02 | M76: https://www.iso.org/standard/16339.html | N76: Request
D77: characterSet | E77: refonly; relComplete | F77: ISO/IEC 8859-2:1999 | G77: Edition 1 | H77: Information technology — 8-bit single-byte coded graphic character sets — Part 2: Latin alphabet No. 2 [ISO/IEC 8859-2:1999] | I77: Active | J77: International Standard | L77: 1999-01 | M77: https://www.iso.org/standard/28246.html | N77: Purchase
D78: characterSet | E78: refonly; relComplete | F78: ISO 8859-3:1988 | G78: Edition 1 | H78: Information processing — 8-bit single-byte coded graphic character sets — Part 3: Latin alphabet No. 3 [ISO 8859-3:1988] | I78: Withdrawn; Superseded | J78: International Standard | L78: 1988-03 | M78: https://www.iso.org/standard/16340.html | N78: Request
D79: characterSet | E79: refonly; relComplete | F79: ISO/IEC 8859-3:1999 | G79: Edition 1 | H79: Information technology — 8-bit single-byte coded graphic character sets — Part 3: Latin alphabet No. 3 [ISO/IEC 8859-3:1999] | I79: Active | J79: International Standard | L79: 1999-01 | M79: https://www.iso.org/standard/28247.html | N79: Purchase
D80: characterSet | E80: refonly; relComplete | F80: ISO 8859-4:1988 | G80: Edition 1 | H80: Information processing — 8-bit single-byte coded graphic character sets — Part 4: Latin alphabet No. 4 [ISO 8859-4:1988] | I80: Withdrawn; Superseded | J80: International Standard | L80: 1988-03 | M80: https://www.iso.org/standard/16341.html | N80: Request
D81: characterSet | E81: refonly; relComplete | F81: ISO/IEC 8859-4:1998 | G81: Edition 1 | H81: Information technology — 8-bit single-byte coded graphic character sets — Part 4: Latin alphabet No. 4 [ISO/IEC 8859-4:1998] | I81: Active | J81: International Standard | L81: 1998-06 | M81: https://www.iso.org/standard/28248.html | N81: Purchase
D82: characterSet | E82: refonly; relComplete | F82: ISO/IEC 8859-5:1988 | G82: Edition 1 | H82: Information processing — 8-bit single-byte coded graphic character sets — Part 5: Latin/Cyrillic alphabet [ISO/IEC 8859-5:1988] | I82: Withdrawn; Superseded | J82: International Standard | L82: 1988-12 | M82: https://www.iso.org/standard/16342.html | N82: Request
D83: characterSet | E83: refonly; relComplete | F83: ISO/IEC 8859-5:1999 | G83: Edition 2 | H83: Information technology — 8-bit single-byte coded graphic character sets — Part 5: Latin/Cyrillic alphabet [ISO/IEC 8859-5:1999] | I83: Active | J83: International Standard | L83: 1999-01 | M83: https://www.iso.org/standard/28249.html | N83: Purchase
... D100: characterSet | E100: refonly; relComplete | F100: ISO/IEC 10367:1991/Cor 1:2001 | G100: Edition 1 | H100: Information technology — Standardized coded graphic character sets for use in 8-bit codes — Technical Corrigendum 1 [ISO/IEC 10367:1991/Cor 1:2001] | I100: Active | J100: International Standard | L100: 2001-06 | M100: https://www.iso.org/standard/31394.html | N100: Purchase
D101: characterSet | E101: refonly; relComplete | F101: CCITT Rec. S.61 (11/1980) | G101: Edition 1 | H101: Character Repertoire and Coded Character Sets for the International Teletex Service [CCITT Rec. S.61 (11/1980)] | I101: Superseded | J101: ITU-T Recommendation | L101: 1980-11 | Q101: https://search.itu.int/history/HistoryDigitalCollectionDocLibrary/4.258.43.en.1024.pdf | R101: PDF | S101: Other URL is Fascicle VII.2 of the Yellow Book (1980), S.61 starts on page 70
D102: characterSet | E102: refonly; relComplete | F102: CCITT Rec. T.61 (10/1984) | G102: Edition 2 | H102: Character Repertoire and Coded Character Sets for the International Teletex Service [CCITT Rec. T.61 (11/1984)] | I102: Superseded | J102: ITU-T Recommendation | L102: 1984-10 | Q102: https://search.itu.int/history/HistoryDigitalCollectionDocLibrary/4.259.43.en.1032.pdf | R102: PDF | S102: Other URL is Fascicle VII.3 of the Red Book (1984), T.61 starts on page 165
D103: characterSet | E103: refonly; relComplete | F103: CCITT Rec. T.61 (11/1988) | G103: Edition 3 | H103: Character Repertoire and Coded Character Sets for the International Teletex Service [CCITT Rec. T.61 (10/1988)] | I103: Superseded | J103: ITU-T Recommendation | L103: 1988-11 | M103: https://www.itu.int/rec/T-REC-T.61-198811-S | N103: PDF | Q103: https://search.itu.int/history/HistoryDigitalCollectionDocLibrary/4.260.43.en.1041.pdf | R103: PDF | S103: Other URL is Fascicle VII.3 of the Blue Book (1988), T.61 starts on page 241
D104: characterSet | E104: refonly; relComplete | F104: ITU-T Rec. T.61 (03/1993) | G104: Edition 4 | H104: Character Repertoire and Coded Character Sets for the International Teletex Service [ITU-T Rec. T.61 (03/1993)] | I104: Unpublished; Withdrawn | J104: ITU-T Recommendation | L104: 1993-03 | S104: Withdrawn August 1995
D106: characterSet | E106: refonly; relComplete | F106: Unicode 1.0 | G106: 1.0 | H106: The Unicode Standard 1.0 | I106: Superseded | J106: Unicode Standard | L106: 1991-10 | M106: https://www.unicode.org/versions/Unicode1.0.0/ | N106: HTML
D107: characterSet | E107: refonly; relComplete | F107: Unicode 1.0.1 | G107: 1.0.1 | H107: The Unicode Standard 1.0.1 | I107: Superseded | J107: Unicode Standard | L107: 1992 | M107: https://www.unicode.org/versions/Unicode1.0.0/ | N107: HTML
D108: characterSet | E108: refonly; relComplete | F108: Unicode 1.1 | G108: 1.1 | H108: The Unicode Standard 1.1 | I108: Superseded | J108: Unicode Standard | L108: 1993-06 | M108: https://www.unicode.org/versions/Unicode1.1.0/ | N108: HTML
D109: characterSet | E109: refonly; relComplete | F109: Unicode 2.0 | G109: 2.0 | H109: The Unicode Standard 2.0 | I109: Superseded | J109: Unicode Standard | L109: 1996-07 | M109: https://www.unicode.org/versions/Unicode2.0.0/ | N109: HTML
D110: characterSet | E110: refonly; relComplete | F110: Unicode 2.1 | G110: 2.1 | H110: The Unicode Standard 2.1 | I110: Superseded | J110: Unicode Standard | L110: 1998-02 | M110: https://www.unicode.org/versions/Unicode2.1.0/ | N110: HTML
D111: characterSet | E111: refonly; relComplete | F111: Unicode 3.0 | G111: 3.0 | H111: The Unicode Standard 3.0 | I111: Superseded | J111: Unicode Standard | L111: 1999-09 | M111: https://www.unicode.org/versions/Unicode3.0.0/ | N111: HTML
D112: characterSet | E112: refonly; relComplete | F112: Unicode 3.1 | G112: 3.1 | H112: The Unicode Standard 3.1 | I112: Superseded | J112: Unicode Standard | L112: 2001-03 | M112: https://www.unicode.org/versions/Unicode3.1.0/ | N112: HTML
D113: characterSet | E113: refonly; relComplete | F113: Unicode 3.2 | G113: 3.2 | H113: The Unicode Standard 3.2 | I113: Superseded | J113: Unicode Standard | L113: 2002-03 | M113: https://www.unicode.org/versions/Unicode3.2.0/ | N113: HTML
D114: characterSet | E114: refonly; relComplete | F114: Unicode 4.0 | G114: 4.0 | H114: The Unicode Standard 4.0 | I114: Superseded | J114: Unicode Standard | L114: 2003-04 | M114: https://www.unicode.org/versions/Unicode4.0.0/ | N114: HTML
D115: characterSet | E115: refonly; relComplete | F115: Unicode 4.1 | G115: 4.1 | H115: The Unicode Standard 4.1 | I115: Superseded | J115: Unicode Standard | L115: 2005-03-31 | M115: https://www.unicode.org/versions/Unicode4.1.0/ | N115: HTML
D116: characterSet | E116: refonly; relComplete | F116: Unicode 5.0 | G116: 5.0 | H116: The Unicode Standard 5.0 | I116: Superseded | J116: Unicode Standard | L116: 2006-07-14 | M116: https://www.unicode.org/versions/Unicode5.0.0/ | N116: HTML
D117: characterSet | E117: refonly; relComplete | F117: Unicode 5.1 | G117: 5.1 | H117: The Unicode Standard 5.1 | I117: Superseded | J117: Unicode Standard | L117: 2008-04-04 | M117: https://www.unicode.org/versions/Unicode5.1.0/ | N117: HTML
... D119: characterSet | E119: refonly; relComplete | F119: Unicode 6.0 | G119: 6.0 | H119: The Unicode Standard 6.0 | I119: Superseded | J119: Unicode Standard | L119: 2010-10-11 | M119: https://www.unicode.org/versions/Unicode6.0.0/ | N119: HTML
D120: characterSet | E120: refonly; relComplete | F120: Unicode 6.1 | G120: 6.1 | H120: The Unicode Standard 6.1 | I120: Superseded | J120: Unicode Standard | L120: 2012-01-31 | M120: https://www.unicode.org/versions/Unicode6.1.0/ | N120: HTML | Q120: http://www.unicode.org/versions/Unicode6.1.0/UnicodeStandard-6.1.pdf | R120: PDF
D121: characterSet | E121: refonly; relComplete | F121: Unicode 6.2 | G121: 6.2 | H121: The Unicode Standard 6.2 | I121: Superseded | J121: Unicode Standard | L121: 2012-09-26 | M121: https://www.unicode.org/versions/Unicode6.2.0/ | N121: HTML | Q121: http://www.unicode.org/versions/Unicode6.2.0/UnicodeStandard-6.2.pdf | R121: PDF
D122: characterSet | E122: refonly; relComplete | F122: Unicode 6.3 | G122: 6.3 | H122: The Unicode Standard 6.3 | I122: Superseded | J122: Unicode Standard | L122: 2013-09-30 | M122: https://www.unicode.org/versions/Unicode6.3.0/ | N122: HTML
D123: characterSet | E123: refonly; relComplete | F123: Unicode 7.0 | G123: 7.0 | H123: The Unicode Standard 7.0 | I123: Superseded | J123: Unicode Standard | L123: 2014-06-16 | M123: https://www.unicode.org/versions/Unicode7.0.0/ | N123: HTML | Q123: http://www.unicode.org/versions/Unicode7.0.0/UnicodeStandard-7.0.pdf | R123: PDF
D124: characterSet | E124: refonly; relComplete | F124: Unicode 8.0 | G124: 8.0 | H124: The Unicode Standard 8.0 | I124: Superseded | J124: Unicode Standard | L124: 2015-06-17 | M124: https://www.unicode.org/versions/Unicode8.0.0/ | N124: HTML | Q124: http://www.unicode.org/versions/Unicode8.0.0/UnicodeStandard-8.0.pdf | R124: PDF
...

Sheet Format
A1: formatId | B1: createdTimestamp | C1: updatedTimestamp | D1: formatType | E1: shortName | F1: fullName | G1: status | H1: notes | I1: DNI_notes
D2: characterEncoding | E2: US-ASCII | F2: American Standard Code for Information Interchange (7-bit code unit)
D3: characterEncoding | E3: ISO/IEC 646 IRV | F3: ISO/IEC 646 International Reference Version | H3: Formerly known as Internation Alphabet 5 (IA5)
D4: characterEncoding | E4: Unicode | F4: Unicode Character Encoding Forms | H4: Superset of Unicode encoding schemes
D5: characterEncoding | E5: UTF-32 | F5: UTF-32 | H5: 32-bit fixed code unit, endian-neutral, BOM allowed
D6: characterEncoding | E6: UTF-32BE | F6: UTF-32 big-endian | H6: 32-bit fixed code unit, big-endian, BOM prohibited
D7: characterEncoding | E7: UTF-32LE | F7: UTF-32 little-endian | H7: 32-bit fixed code unit, little-endian, BOM prohibited
D8: characterEncoding | E8: UTF-16 | F8: UTF-16 | H8: 16-bit code unit, 2 code units max per character, endian-neutral, BOM allowed
D9: characterEncoding | E9: UTF-16BE | F9: UTF-16 big-endian | H9: 16-bit code unit, 2 code units max per character, big-endian, BOM prohibited
D10: characterEncoding | E10: UTF-16LE | F10: UTF-16 little-endian | H10: 16-bit code unit, 2 code units max per character, little-endian, BOM prohibited
D11: characterEncoding | E11: UTF-8 | F11: UTF-8 | H11: 8-bit code unit, 4 code units max per character, BOM allowed
D12: binaryEncoding | E12: Base64 | F12: Base64 binary encoding (standard)
D13: binaryEncoding | E13: Base64URL | F13: Base64 binary encoding (URL and filename safe)
D14: dataEncoding | E14: PEM | F14: Privacy Enhanced Mail derived data encoding structure
D15: interfaceLanguage | E15: ASN.1 | F15: Abstract Syntax Notation 1
D16: dataEncoding | E16: ASN.1 BER | F16: ASN.1 Basic Encoding Rules encoded data
D17: dataEncoding | E17: ASN.1 CER | F17: ASN.1 Canonical Encoding Rules encoding data
D18: dataEncoding | E18: ASN.1 DER | F18: ASN.1 Distinguished Encoding Rules encoded data
D19: markupLanguage | E19: HTML | F19: Hypertext Markup Language
D20: markupLanguage | E20: XML | F20: Extensible Markup Language
D21: dataEncoding | E21: JSON | F21: JavaScript Object Notation
D22: dataEncoding | E22: JSONL | F22: JavaScript Object Notation - Lines
D23: dataEncoding | E23: JSONC | F23: JavaScript Object Notation with Comments
D24: dataEncoding | E24: JSON5 | F24: JSON5 Data Interchange Format | H24: Extended JSON with features from EcmaScript 5.1 || Informally known as 'JSON for Humans'
D25: dataEncoding | E25: CBOR | F25: Concise Binary Object Representation
D26: messageFormat | E26: Internet Message Format | F26: Internet Message Format

Sheet AuthorityDraft
A1: reference:ID:string | B1: title:string | C1: status:string[] | D1: type:string | E1: stream:string
A2: draft-hickman-netscape-ssl | B2: The SSL Protocol | C2: Archived; Expired | D2: Internet-Draft
A3: draft-ietf-oauth-v2 | B3: The OAuth 2.0 Authorization Framework | C3: Became RFC | D3: Internet-Draft | E3: IETF
A4: draft-ietf-oauth-v2-http-mac | B4: OAuth 2.0 Message Authentication Code (MAC) Tokens | C4: Expired | D4: Internet-Draft | E4: IETF
A5: draft-ietf-oauth-saml2-bearer | B5: Security Assertion Markup Language (SAML) 2.0 Profile for OAuth 2.0 Client Authentication and Authorization Grants | C5: Became RFC | D5: Internet-Draft | E5: IETF
A6: draft-ietf-oauth-v2-threatmodel | B6: OAuth 2.0 Threat Model and Security Considerations | C6: Became RFC | D6: Internet-Draft | E6: IETF
A7: draft-hardt-oauth | B7: OAuth Web Resource Authorization Profiles | C7: Expired | D7: Internet-Draft | E7: Individual
A8: draft-ietf-httpbis-p7-auth | B8: Hypertext Transfer Protocol (HTTP/1.1): Authentication | C8: Became RFC | D8: Internet-Draft | E8: IETF
A9: draft-ietf-jose-json-web-signature | B9: JSON Web Signature (JWS) | C9: Became RFC | D9: Internet-Draft | E9: IETF
A10: draft-ietf-jose-json-web-encryption | B10: JSON Web Encryption (JWE) | C10: Became RFC | D10: Internet-Draft | E10: IETF
A11: draft-ietf-jose-json-web-key | B11: JSON Web Key (JWK) | C11: Became RFC | D11: Internet-Draft | E11: IETF
A12: draft-ietf-jose-json-web-algorithms | B12: JSON Web Algorithms (JWA) | C12: Became RFC | D12: Internet-Draft | E12: IETF
A13: draft-ietf-oauth-json-web-token | B13: JSON Web Token (JWT) | C13: Became RFC | D13: Internet-Draft | E13: IETF
A14: draft-recordon-oauth-v2-device | B14: OAuth 2.0 Device Profile | C14: Expired | D14: Internet-Draft | E14: Individual
... A38: draft-jones-simple-web-discovery | B38: Simple Web Discovery (SWD) | C38: Expired | D38: Internet-Draft | E38: Individual

Sheet Revision
A1: reference:ID:string | B1: revisionId:string | C1: title:string | D1: status:string[] | E1: type:string | F1: stream:string | G1: canonicalUrl:string | H1: canonicalFormat:string | I1: plainTextUrl:string | J1: htmlUrl:string | K1: otherUrl:string | L1: otherFormat:string
A2: draft-hickman-netscape-ssl-00 | B2: 00 | C2: The SSL Protocol | D2: Archived; Expired | E2: Internet-Draft | G2: https://www.ietf.org/archive/id/draft-hickman-netscape-ssl-00.txt | H2: TXT-ASCII | I2: https://www.ietf.org/archive/id/draft-hickman-netscape-ssl-00.txt
A3: draft-ietf-oauth-v2-31 | B3: 31 | C3: The OAuth 2.0 Authorization Framework | D3: Became RFC | E3: Internet-Draft | F3: IETF | G3: https://www.ietf.org/archive/id/draft-ietf-oauth-v2-31.xml | H3: RFCXML | I3: https://www.ietf.org/archive/id/draft-ietf-oauth-v2-31.txt
A4: draft-ietf-oauth-v2-http-mac-01 | B4: 01 | C4: HTTP Authentication: MAC Access Authentication | D4: Expired | E4: Internet-Draft | F4: IETF | G4: https://www.ietf.org/archive/id/draft-ietf-oauth-v2-http-mac-01.txt | H4: TXT-ASCII | I4: https://www.ietf.org/archive/id/draft-ietf-oauth-v2-http-mac-01.txt
A5: draft-ietf-oauth-saml2-bearer-14 | B5: 14 | C5: SAML 2.0 Bearer Assertion Profiles for OAuth 2.0 | D5: Updated | E5: Internet-Draft | F5: IETF | G5: https://www.ietf.org/archive/id/draft-ietf-oauth-saml2-bearer-14.txt | H5: TXT-ASCII | I5: https://www.ietf.org/archive/id/draft-ietf-oauth-saml2-bearer-14.txt
A6: draft-ietf-oauth-v2-threatmodel-08 | B6: 08 | C6: OAuth 2.0 Threat Model and Security Considerations | D6: Became RFC | E6: Internet-Draft | F6: IETF | G6: https://www.ietf.org/archive/id/draft-ietf-oauth-v2-threatmodel-08.txt | H6: TXT-ASCII | I6: https://www.ietf.org/archive/id/draft-ietf-oauth-v2-threatmodel-08.txt
A7: draft-hardt-oauth-00 | B7: 00 | C7: OAuth Web Resource Authorization Profiles | D7: Expired | E7: Internet-Draft | F7: IETF | G7: https://datatracker.ietf.org/doc/id/draft-hardt-oauth-00.txt | H7: TXT-ASCII | I7: https://datatracker.ietf.org/doc/id/draft-hardt-oauth-00.txt
A8: draft-ietf-httpbis-p7-auth-21 | B8: 21 | C8: Hypertext Transfer Protocol (HTTP/1.1): Authentication | D8: Updated | E8: Internet-Draft | F8: IETF | G8: https://www.ietf.org/archive/id/draft-ietf-httpbis-p7-auth-21.txt | H8: TXT-ASCII | I8: https://www.ietf.org/archive/id/draft-ietf-httpbis-p7-auth-21.txt
A9: openid-connect-core-1_0-35 | B9: 35 | C9: OpenID Connect Core 1.0 | D9: Became Final Spec; Updated | E9: Work Group Draft | F9: OIDF | G9: https://openid.net/specs/openid-connect-core-1_0-35.xml | H9: RFCXML | I9: https://openid.net/specs/openid-connect-core-1_0-35.txt | J9: https://openid.net/specs/openid-connect-core-1_0-35.html
A10: openid-connect-core-1_0-22 | B10: 22 | C10: OpenID Connect Core 1.0 | D10: Became Final Spec; Updated | E10: Work Group Draft | F10: OIDF | G10: https://openid.net/specs/openid-connect-core-1_0-22.xml | H10: RFCXML | I10: https://openid.net/specs/openid-connect-core-1_0-22.txt | J10: https://openid.net/specs/openid-connect-core-1_0-22.html
A11: openid-connect-core-1_0-18 | B11: 18 | C11: OpenID Connect Core 1.0 | D11: Became Final Spec; Updated | E11: Work Group Draft | F11: OIDF | G11: https://openid.net/specs/openid-connect-core-1_0-18.xml | H11: RFCXML | I11: https://openid.net/specs/openid-connect-core-1_0-18.txt | J11: https://openid.net/specs/openid-connect-core-1_0-18.html
A12: openid-connect-core-1_0-12 | B12: 12 | C12: OpenID Connect Core 1.0 | D12: Updated | E12: Work Group Draft | F12: OIDF | G12: https://openid.net/specs/openid-connect-core-1_0-12.xml | H12: RFCXML | I12: https://openid.net/specs/openid-connect-core-1_0-12.txt | J12: https://openid.net/specs/openid-connect-core-1_0-12.html
A13: openid-connect-standard-1_0-21 | B13: 21 | C13: OpenID Connect Standard 1.0 | D13: Replaced | E13: Work Group Draft | F13: OIDF | G13: https://openid.net/specs/openid-connect-standard-1_0-21.xml | H13: RFCXML | I13: https://openid.net/specs/openid-connect-standard-1_0-21.txt | J13: https://openid.net/specs/openid-connect-standard-1_0-21.html
A14: openid-connect-messages-1_0-20 | B14: 20 | C14: OpenID Connect Messages 1.0 | D14: Replaced | E14: Work Group Draft | F14: OIDF | G14: https://openid.net/specs/openid-connect-messages-1_0-20.xml | H14: RFCXML | I14: https://openid.net/specs/openid-connect-messages-1_0-20.txt | J14: https://openid.net/specs/openid-connect-messages-1_0-20.html
A15: openid-connect-messages-1_0-12 | B15: 12 | C15: OpenID Connect Messages 1.0 | D15: Updated | E15: Work Group Draft | F15: OIDF | G15: https://openid.net/specs/openid-connect-messages-1_0-12.txt | H15: TXT-ASCII | I15: https://openid.net/specs/openid-connect-messages-1_0-12.txt | J15: https://openid.net/specs/openid-connect-messages-1_0-12.html
A16: draft-ietf-jose-json-web-signature-41 | B16: 41 | C16: JSON Web Signature (JWS) | D16: Became RFC | E16: Internet-Draft | F16: IETF | G16: https://www.ietf.org/archive/id/draft-ietf-jose-json-web-signature-41.xml | H16: RFCXML | I16: https://www.ietf.org/archive/id/draft-ietf-jose-json-web-signature-41.txt
A17: draft-ietf-jose-json-web-encryption-40 | B17: 40 | C17: JSON Web Encryption (JWE) | D17: Became RFC | E17: Internet-Draft | F17: IETF | G17: https://www.ietf.org/archive/id/draft-ietf-jose-json-web-encryption-40.xml | H17: RFCXML | I17: https://www.ietf.org/archive/id/draft-ietf-jose-json-web-encryption-40.txt
A18: draft-ietf-jose-json-web-key-41 | B18: 41 | C18: JSON Web Key (JWK) | D18: Became RFC | E18: Internet-Draft | F18: IETF | G18: https://www.ietf.org/archive/id/draft-ietf-jose-json-web-key-41.xml | H18: RFCXML | I18: https://www.ietf.org/archive/id/draft-ietf-jose-json-web-key-41.txt
A19: draft-ietf-jose-json-web-algorithms-40 | B19: 40 | C19: JSON Web Algorithms (JWA) | D19: Became RFC | E19: Internet-Draft | F19: IETF | G19: https://www.ietf.org/archive/id/draft-ietf-jose-json-web-algorithms-40.xml | H19: RFCXML | I19: https://www.ietf.org/archive/id/draft-ietf-jose-json-web-algorithms-40.txt
A20: draft-ietf-oauth-json-web-token-32 | B20: 32 | C20: JSON Web Token (JWT) | D20: Became RFC | E20: Internet-Draft | F20: IETF | G20: https://www.ietf.org/archive/id/draft-ietf-oauth-json-web-token-32.xml | H20: RFCXML | I20: https://www.ietf.org/archive/id/draft-ietf-oauth-json-web-token-32.txt
A21: draft-recordon-oauth-v2-device-00 | B21: 00 | C21: OAuth 2.0 Device Profile | D21: Expired | E21: Internet-Draft | F21: Individual | G21: https://www.ietf.org/archive/id/draft-recordon-oauth-v2-device-00.txt | H21: TXT-ASCII | I21: https://www.ietf.org/archive/id/draft-recordon-oauth-v2-device-00.txt
A22: openid-connect-discovery-1_0-37 | B22: 37 | C22: OpenID Connect Discovery 1.0 | D22: Became Final Spec | E22: Work Group Draft | F22: OIDF | G22: https://openid.net/specs/openid-connect-discovery-1_0-37.xml | H22: RFCXML | I22: https://openid.net/specs/openid-connect-discovery-1_0-37.txt | J22: https://openid.net/specs/openid-connect-discovery-1_0-37.html
A23: openid-connect-discovery-1_0-25 | B23: 25 | C23: OpenID Connect Discovery 1.0 | D23: Became Final Spec; Updated | E23: Work Group Draft | F23: OIDF | G23: https://openid.net/specs/openid-connect-discovery-1_0-25.xml | H23: RFCXML | I23: https://openid.net/specs/openid-connect-discovery-1_0-25.txt | J23: https://openid.net/specs/openid-connect-discovery-1_0-25.html
A24: openid-connect-discovery-1_0-22 | B24: 22 | C24: OpenID Connect Discovery 1.0 | D24: Became Final Spec; Updated | E24: Work Group Draft | F24: OIDF | G24: https://openid.net/specs/openid-connect-discovery-1_0-22.xml | H24: RFCXML | I24: https://openid.net/specs/openid-connect-discovery-1_0-22.txt | J24: https://openid.net/specs/openid-connect-discovery-1_0-22.html
A25: openid-connect-registration-1_0-39 | B25: 39 | C25: OpenID Connect Dynamic Client Registration 1.0 | D25: Became Final Spec | E25: Work Group Draft | F25: OIDF | G25: https://openid.net/specs/openid-connect-registration-1_0-39.xml | H25: RFCXML | I25: https://openid.net/specs/openid-connect-registration-1_0-39.txt | J25: https://openid.net/specs/openid-connect-registration-1_0-39.html
A26: openid-connect-registration-1_0-28 | B26: 28 | C26: OpenID Connect Dynamic Client Registration 1.0 | D26: Became Final Spec; Updated | E26: Work Group Draft | F26: OIDF | G26: https://openid.net/specs/openid-connect-registration-1_0-28.xml | H26: RFCXML | I26: https://openid.net/specs/openid-connect-registration-1_0-28.txt | J26: https://openid.net/specs/openid-connect-registration-1_0-28.html
A27: openid-connect-registration-1_0-24 | B27: 24 | C27: OpenID Connect Dynamic Client Registration 1.0 | D27: Became Final Spec; Updated | E27: Work Group Draft | F27: OIDF | G27: https://openid.net/specs/openid-connect-registration-1_0-24.xml | H27: RFCXML | I27: https://openid.net/specs/openid-connect-registration-1_0-24.txt | J27: https://openid.net/specs/openid-connect-registration-1_0-24.html
A28: openid-connect-registration-1_0-08 | B28: 08 | C28: OpenID Connect Dynamic Client Registration 1.0 | D28: Updated | E28: Work Group Draft | F28: OIDF | G28: https://openid.net/specs/openid-connect-registration-1_0-08.xml | H28: RFCXML | I28: https://openid.net/specs/openid-connect-registration-1_0-08.txt | J28: https://openid.net/specs/openid-connect-registration-1_0-08.html
A29: openid-connect-rpinitiated-1_0-04 | B29: 04 | C29: OpenID Connect RP-Initiated Logout 1.0 | D29: Became Final Spec | E29: Work Group Draft | F29: OIDF | G29: https://openid.net/specs/openid-connect-rpinitiated-1_0-04.xml | H29: RFCXML | I29: https://openid.net/specs/openid-connect-rpinitiated-1_0-04.txt | J29: https://openid.net/specs/openid-connect-rpinitiated-1_0-04.html
A30: openid-connect-session-1_0-32 | B30: 32 | C30: OpenID Connect Session Management 1.0 | D30: Became Final Spec | E30: Work Group Draft | F30: OIDF | G30: https://openid.net/specs/openid-connect-session-1_0-32.xml | H30: RFCXML | I30: https://openid.net/specs/openid-connect-session-1_0-32.txt | J30: https://openid.net/specs/openid-connect-session-1_0-32.html
A31: openid-connect-frontchannel-1_0-07 | B31: 07 | C31: OpenID Connect Front-Channel Logout 1.0 | D31: Became Final Spec | E31: Work Group Draft | F31: OIDF | G31: https://openid.net/specs/openid-connect-frontchannel-1_0-07.xml | H31: RFCXML | I31: https://openid.net/specs/openid-connect-frontchannel-1_0-07.txt | J31: https://openid.net/specs/openid-connect-frontchannel-1_0-07.html
A32: openid-connect-backchannel-1_0-13 | B32: 13 | C32: OpenID Connect Back-Channel Logout 1.0 | D32: Became Final Spec | E32: Work Group Draft | F32: OIDF | G32: https://openid.net/specs/openid-connect-backchannel-1_0-13.xml | H32: RFCXML | I32: https://openid.net/specs/openid-connect-backchannel-1_0-13.txt | J32: https://openid.net/specs/openid-connect-backchannel-1_0-13.html
A33: openid-connect-backchannel-1_0-10 | B33: 10 | C33: OpenID Connect Back-Channel Logout 1.0 | D33: Became Final Spec | E33: Work Group Draft | F33: OIDF | G33: https://openid.net/specs/openid-connect-backchannel-1_0-10.xml | H33: RFCXML | I33: https://openid.net/specs/openid-connect-backchannel-1_0-10.txt | J33: https://openid.net/specs/openid-connect-backchannel-1_0-10.html
... A45: fapi-attacker-model-2_0-05 | B45: 05 | C45: FAPI 2.0 Attacker Model | D45: Became Final Spec | E45: Work Group Draft | F45: OIDF | G45: https://openid.net/specs/fapi-attacker-model-2_0-05.xml | H45: RFCXML | I45: https://openid.net/specs/fapi-attacker-model-2_0-05.md | J45: https://openid.net/specs/fapi-attacker-model-2_0-05.html
A46: oauth-v2-jarm-04 | B46: 04 | C46: JWT Secured Authorization Response Mode for OAuth 2.0 (JARM) | D46: Became Final Spec | E46: Work Group Draft | F46: OIDF | G46: https://openid.net/specs/oauth-v2-jarm-04.html | H46: HTML | J46: https://openid.net/specs/oauth-v2-jarm-04.html
A47: openid-ciba-core-1_0-04 | B47: 04 | C47: OpenID Connect Client-Initiated Backchannel Authentication Flow - Core 1.0 | D47: Updated | E47: Work Group Draft | F47: OIDF | G47: https://openid.net/specs/openid-client-initiated-backchannel-authentication-core-1_0-04.xml | H47: RFCXML | I47: https://openid.net/specs/openid-client-initiated-backchannel-authentication-core-1_0-04.txt | J47: https://openid.net/specs/openid-client-initiated-backchannel-authentication-core-1_0-04.html
A48: draft-jones-simple-web-discovery-04 | B48: 04 | C48: Simple Web Discovery (SWD) | D48: Expired | E48: Internet-Draft | F48: Individual | G48: https://www.ietf.org/archive/id/draft-jones-simple-web-discovery-04.txt | H48: TXT-ASCII | I48: https://www.ietf.org/archive/id/draft-jones-simple-web-discovery-04.txt
A49: draft-jones-simple-web-discovery-00 | B49: 00 | C49: Simple Web Discovery (SWD) | D49: Updated | E49: Internet-Draft | F49: Individual | G49: https://www.ietf.org/archive/id/draft-jones-simple-web-discovery-00.txt | H49: TXT-ASCII | I49: https://www.ietf.org/archive/id/draft-jones-simple-web-discovery-00.txt

Sheet Protocol
A1: name:ID:string
A2: OAuth
A3: OpenID Connect
A4: OpenID
A5: SAML

Sheet ProtocolVersion
A1: versionedName:ID:string
A2: OAuth 2.0
A3: OpenID Connect 1.0
A4: OpenID 2.0
A5: OpenID 1.1
A6: OpenID 1.0
A7: SAML 1.0
A8: SAML 1.1
A9: SAML 2.0

Sheet ProtocolFeature
A1: name:ID:string | B1: type:string
A2: Resource Owner | B2: Role
A3: Resource Server | B3: Role
A4: Client | B4: Role
A5: Authorization Server | B5: Role
A6: Authorization Code | B6: Authorization Grant
A7: Implicit | B7: Authorization Grant
A8: Resource Owner Password Credentials | B8: Authorization Grant
A9: Client Credentials | B9: Authorization Grant
A10: Extension Grants | B10: Authorization Grant
A11: Access Token | B11: Token Type
A12: Refresh Token | B12: Token Type
... A23: Token Endpoint | B23: Protocol Endpoint

Sheet Definitions
A1: Status | E1: Affiliation | H1: Reference Type | K1: Relationship
A2: Defines the state of a given authority. | E2: Defines relationships between organizations. | H2: Defines role of upstream reference. | K2: Defines similarity between two authorities.
A4: Status | B4: Relationship | C4: Definition | E4: Value | F4: Definition | H4: Value | I4: Definition | K4: Value | L4: Definition
A5: Active | C5: Authority is approved and published by its controlling organization and not otherwise Obsoleted or Superseded. | E5: accredits | F5: [Source] recognizes or authorizes external [target] to serve as a subordinate org. | H5: normative | I5: [Target] establishes requirements which are incorporated by reference into [source]. | K5: republication | L5: [Source] is a subsequent publication of the same text of [target], such as via reaffirmation of an existing authority.
A6: Unpublished | C6: Authority is approved by its controlling organization but has not yet been published. | E6: sponsors | F6: [Source] provides meaningful support to the continued existence of [target]. | H6: informative | I6: [Target] informs the development of [source], without binding [source] to its requirements. | K6: textually equivalent | L6: [Source] and [target] have nearly identical text and the same technical meaning. Referenced as "common" standards between ITU-T and ISO/IEC.
A7: Draft | C7: Authority is a draft revision of a prospective specification. | E7: national representative | F7: [Source] acts as a liaison to an international organization ([target]) in service of an independent nation state. | H7: ongoing | I7: [Target] is an authority with ongoing, continued updates; [source] explicitly or implicitly relies on ongoing updates to the [target] ([target] should be an AuthorityGroup). | K7: technically equivalent | L7: [Source] and [target] have the same technical meaning although the text is not identical. Referenced as "twinned" standards between ITU-T and ISO/IEC.
A8: Withdrawn | C8: Authority has been removed from effective status and publication by its controlling organization; the specification defined by the Authority must no longer be used. | E8: technical advisory group | F8: [Source] serves as an independent consultant on technical matters to a broader [target] organization. | K8: partially equivalent | L8: [Source] is technically equivalent to a portion of [target]; equivalent portion explained in notes field.
A9: Deprecated | B9: DEPRECATES | C9: Authority has been removed from effective status via specification; the specification defined by the Authority must no longer be used. | K9: influenced | L9: [Source] significantly influenced the design of [target] without directly EXTENDing or OBSOLETing the [source].
A10: Superseded | B10: SUPERSEDES | C10: Authority has been replaced with an updated specification; the specification defined by the Authority should no longer be used.
A11: Obsoleted | B11: OBSOLETES | C11: Authority has been updated or extended by another specification without being replaced; the specification defined by the Authority may continue to be used.
A12: Updated | B12: UPDATES | C12: Authority has been updated by another specification; may be indicated with any other status.
A13: Errata | C13: Authority has documented errata; may be indicated with any other status.
A14: Expired | C14: A Draft Authority without activity for an extended period may be inactivated by its controlling organization, such Authorities will be marked as Expired.

Sheet _Validation
A1: NodeTypes | C1: NodeType | D1: NodeTypeAttr | F1: {=TRANSPOSE(_xlfn.UNIQUE(__val_NodeTypeAttrs[NodeType]))} -> ControllingOrg | G1: Authority | H1: AuthorityGroup | I1: Format | AA1: RelationshipTypes
A2: ControllingOrg | C2: ControllingOrg | D2: controllingOrgId | F2: {=IFERROR( _xlfn._xlws.FILTER( __val_NodeTypeAttrs[[NodeTypeAttr]:[NodeTypeAttr]], (__val_NodeTypeAttrs[[NodeType]:[NodeType]] = F$1) ),"" )} -> controllingOrgId | G2: {=IFERROR( _xlfn._xlws.FILTER( __val_NodeTypeAttrs[[NodeTypeAttr]:[NodeTypeAttr]], (__val_NodeTypeAttrs[[NodeType]:[NodeType]] = G$1) ),"" )} -> authorityId | H2: {=IFERROR( _xlfn._xlws.FILTER( __val_NodeTypeAttrs[[NodeTypeAttr]:[NodeTypeAttr]], (__val_NodeTypeAttrs[[NodeType]:[NodeType]] = H$1) ),"" )} -> authorityGroupId | I2: {=IFERROR( _xlfn._xlws.FILTER( __val_NodeTypeAttrs[[NodeTypeAttr]:[NodeTypeAttr]], (__val_NodeTypeAttrs[[NodeType]:[NodeType]] = I$1) ),"" )} -> formatId | J2: {=IFERROR( _xlfn._xlws.FILTER( __val_NodeTypeAttrs[[NodeTypeAttr]:[NodeTypeAttr]], (__val_NodeTypeAttrs[[NodeType]:[NodeType]] = J$1) ),"" )} | K2: {=IFERROR( _xlfn._xlws.FILTER( __val_NodeTypeAttrs[[NodeTypeAttr]:[NodeTypeAttr]], (__val_NodeTypeAttrs[[NodeType]:[NodeType]] = K$1) ),"" )} | L2: {=IFERROR( _xlfn._xlws.FILTER( __val_NodeTypeAttrs[[NodeTypeAttr]:[NodeTypeAttr]], (__val_NodeTypeAttrs[[NodeType]:[NodeType]] = L$1) ),"" )} | M2: {=IFERROR( _xlfn._xlws.FILTER( __val_NodeTypeAttrs[[NodeTypeAttr]:[NodeTypeAttr]], (__val_NodeTypeAttrs[[NodeType]:[NodeType]] = M$1) ),"" )} | ... Y2: {=IFERROR( _xlfn._xlws.FILTER( __val_NodeTypeAttrs[[NodeTypeAttr]:[NodeTypeAttr]], (__val_NodeTypeAttrs[[NodeType]:[NodeType]] = Y$1) ),"" )} | AA2: HAS_CHILD_ORG
A3: Authority | C3: ControllingOrg | D3: shortName | F3: shortName | G3: reference | H3: reference | I3: shortName | AA3: HAS_AFFILIATE_ORG
A4: AuthorityGroup | C4: ControllingOrg | D4: fullName | F4: fullName | G4: title | H4: title | I4: fullName | AA4: PREVIOUSLY_KNOWN_AS
A5: Format | C5: Authority | D5: authorityId | AA5: SUCCEEDED_ORG
A6: AuthorityDraft | C6: Authority | D6: reference | AA6: CONTROLS
A7: Revision | C7: Authority | D7: title | AA7: REFERENCES
A8: Protocol | C8: AuthorityGroup | D8: authorityGroupId | AA8: UPDATES
A9: ProtocolVersion | C9: AuthorityGroup | D9: reference | AA9: EXTENDS
A10: ProtocolFeature | C10: AuthorityGroup | D10: title | AA10: OBSOLETES
C11: Format | D11: formatId | AA11: SUPERSEDES
C12: Format | D12: shortName | AA12: DEPRECATES
C13: Format | D13: fullName | AA13: HAS_RELATED_AUTHORITY
AA14: CONTAINS
AA15: MEMBER_OF
AA16: DEFINES

Sheet Validation
A1: {=_xlfn.VSTACK( "---- Authority ----", _xlfn._xlws.SORT(Authority[reference],,1), "---- AuthorityDraft ----", _xlfn._xlws.SORT(AuthorityDraft[reference:ID:string],,1), "---- Revision ----", _xlfn._xlws.SORT(Revision[reference:ID:string],,1), "---- ControllingOrg ----", _xlfn._xlws.SORT(ControllingOrg[shortName],,1), "---- Protocol ----", _xlfn._xlws.SORT(Protocol[name:ID:string],,1), "---- ProtocolVersion ----", _xlfn._xlws.SORT(ProtocolVersion[versionedName:ID:string],,1), "---- ProtocolFeature ----", _xlfn._xlws.SORT(ProtocolFeature[name:ID:string],,1) )} -> ---- Authority ---- | N1: {=__fn_val_nodeAttr("ControllingOrg")} -> controllingOrgId | P1: {=_xlfn.LET(_xlpm.comment,"nodeTypeAttrRow = 2; nodeTypeColStart = E(5); addrType = relative(4); matchType = exact(0)",_xlpm.nodeTypeAttrRow,2,_xlpm.nodeTypeColStart,5,_xlpm.nodeTypeValRef,"ControllingOrg",_xlpm.nodeTypeLookupRange,_xlfn.ANCHORARRAY(_Validation!$F$1),_xlpm.matchType,0,_xlpm.addrType,4,_xlpm.addrSheet,"_Validation",INDIRECT(ADDRESS(_xlpm.nodeTypeAttrRow,_xlpm.nodeTypeColStart+MATCH(_xlpm.nodeTypeValRef,_xlpm.nodeTypeLookupRange,_xlpm.matchType),_xlpm.addrType,,_xlpm.addrSheet)&"#"))} -> controllingOrgId
A2: BCP212 | N2: shortName | P2: shortName
A3: BCP240 | N3: fullName | P3: fullName
A4: CCITT Rec. S.61 (11/1980) | T4: 1900-01-01 | U4: {=__fn_val_dateFormat2(T4)} -> TRUE | V4: {=DATEVALUE(CELL("contents",T4))} -> 1 | W4: {=_xlfn.TEXTSPLIT(T4,"-")} -> 1900 | X4: 01 | Y4: 01 | Z4: YYYY-M-DD
A5: CCITT Rec. T.50 (10/1984) | T5: 1980-12-21 | U5: {=__fn_val_dateFormat2(T5)} -> TRUE | V5: {=DATEVALUE(CELL("contents",T5))} -> 29576 | Z5: =FIND("YYYY",Z4) -> 1
A6: CCITT Rec. T.50 (11/1988) | T6: 1982-21-12 | U6: {=__fn_val_dateFormat2(T6)} -> FALSE | V6: {=DATEVALUE(CELL("contents",T6))} -> #VALUE! | W6: =OR(V6,TRUE) -> #VALUE! | Z6: =FIND("MM",Z4) -> #VALUE!
A7: CCITT Rec. T.51 (10/1984) | T7: 1999 | U7: {=__fn_val_dateFormat2(T7)} -> TRUE | V7: {=DATEVALUE(CELL("contents",T7))} -> #VALUE!
A8: CCITT Rec. T.51 (11/1988) | T8: 1900 | U8: {=__fn_val_dateFormat2(T8)} -> TRUE | V8: {=DATEVALUE(CELL("contents",T8))} -> #VALUE!
A9: CCITT Rec. T.61 (10/1984) | T9: 1999-24 | U9: {=__fn_val_dateFormat2(T9)} -> FALSE | V9: {=DATEVALUE(CELL("contents",T9))} -> #VALUE!
A10: CCITT Rec. T.61 (11/1988) | T10: 2000-2-29 | U10: {=__fn_val_dateFormat2(T10)} -> FALSE | V10: {=DATEVALUE(CELL("contents",T10))} -> 36585
A11: CCITT Rec. V.3 (10/1976) | T11: 1999-8-1 | U11: {=__fn_val_dateFormat2(T11)} -> FALSE | V11: {=DATEVALUE(CELL("contents",T11))} -> 36373
A12: CCITT Rec. V.3 (11/1980) | T12: ask | U12: {=__fn_val_dateFormat2(T12)} -> FALSE | V12: {=DATEVALUE(CELL("contents",T12))} -> #VALUE!
A13: CCITT Rec. V.3 (1968) | U13: {=__fn_val_dateFormat2(T13)} -> FALSE
A14: CCITT Rec. V.3 (1972)
A15: CCITT Rec. X.121 (09/1978)
A16: CCITT Rec. X.121 (09/1992) | V16: {=_xlfn.LET(_xlpm.date1,T4,_xlpm.dateParts,_xlfn.TEXTSPLIT(_xlpm.date1,"-"),COUNTA(_xlpm.dateParts) & " --- " & INDEX(_xlpm.dateParts,1))} -> 3 --- 1900
A17: CCITT Rec. X.121 (10/1984)
A18: CCITT Rec. X.121 (11/1980)
A19: CCITT Rec. X.121 (11/1988)
A20: CCITT Rec. X.200
A21: CCITT Rec. X.208 (1988)
A22: CCITT Rec. X.209 (1988)
A23: CCITT Rec. X.216
A24: CCITT Rec. X.226
A25: CCITT Rec. X.409 (1984)
A26: draft-hickman-netscape-ssl-00
A27: ECMA-35 (01/1980)
A28: ECMA-35 (01/1982)
... A33: ECMA-43 (12/1974)
A34: ECMA-43 (12/1985) | N34: {=_xlfn.ANCHORARRAY(_Validation!$F$1)} -> ControllingOrg | O34: Authority | P34: AuthorityGroup | Q34: Format
A35: ECMA-43 (12/1991) | N35: {=_xlfn.ANCHORARRAY(_Validation!F2)} -> controllingOrgId
A36: ECMA-48 (03/1976) | N36: shortName
A37: ECMA-48 (03/1984) | N37: fullName
A38: ECMA-48 (06/1991) | N38: {=_xlfn.ANCHORARRAY(_Validation!$F2)} -> controllingOrgId
A39: ECMA-48 (08/1979) | N39: shortName
A40: ECMA-48 (12/1986) | N40: fullName
A41: ECMA-6 (03/1985) | N41: {=_xlfn.ANCHORARRAY(_Validation!$F$2)} -> controllingOrgId
A42: ECMA-6 (04/1965) | N42: shortName
A43: ECMA-6 (06/1967) | N43: fullName
A44: ECMA-6 (07/1970)
A45: ECMA-6 (08/1973)
A46: ECMA-6 (12/1991)
A47: FYI36
A48: iana.oauth-param-endpoint-response-types
A49: iana.oauth-param-extensions-error
A50: iana.oauth-param-parameters
A51: iana.oauth-param-token-types
A52: ISO 2014:1976 | N52: 1976-04-01
A53: ISO 2015:1976 | N53: {=__fn_val_dateFormat(N52)} -> TRUE
A54: ISO 2022:1973
A55: ISO 2022:1982
A56: ISO 2022:1986
A57: ISO 2375:1974
A58: ISO 2375:1980
A59: ISO 2375:1985
A60: ISO 2711:1973
A61: ISO 3166:1974
A62: ISO 3166:1981
A63: ISO 3166:1988
A64: ISO 3166:1993
A65: ISO 3166-1:1997
... A564: Yadis-1.0
A565: 0
A566: 0
A567: 0
A568: 0
A569: 0
A570: 0
A571: 0
A572: 0
A573: 0
A574: 0
A575: 0
A576: 0
... A594: 0
A595: ---- AuthorityDraft ----
A596: draft-hardt-oauth
A597: draft-hickman-netscape-ssl
A598: draft-ietf-httpbis-p7-auth
A599: draft-ietf-jose-json-web-algorithms
A600: draft-ietf-jose-json-web-encryption
A601: draft-ietf-jose-json-web-key
A602: draft-ietf-jose-json-web-signature
A603: draft-ietf-oauth-json-web-token
A604: draft-ietf-oauth-saml2-bearer
A605: draft-ietf-oauth-v2
A606: draft-ietf-oauth-v2-http-mac
... A922: Token Endpoint
